/*!40101 SET @OLD_CHARACTER_SET_CLIENT=@@CHARACTER_SET_CLIENT */;
/*!40101 SET NAMES utf8 */;
/*!50503 SET NAMES utf8mb4 */;
/*!40103 SET @OLD_TIME_ZONE=@@TIME_ZONE */;
/*!40103 SET TIME_ZONE='+00:00' */;
/*!40014 SET @OLD_FOREIGN_KEY_CHECKS=@@FOREIGN_KEY_CHECKS, FOREIGN_KEY_CHECKS=0 */;
/*!40101 SET @OLD_SQL_MODE=@@SQL_MODE, SQL_MODE='NO_AUTO_VALUE_ON_ZERO' */;
/*!40111 SET @OLD_SQL_NOTES=@@SQL_NOTES, SQL_NOTES=0 */;

DROP DATABASE IF EXISTS `bookolog`;
CREATE DATABASE IF NOT EXISTS `bookolog` /*!40100 DEFAULT CHARACTER SET utf8mb4 COLLATE utf8mb4_general_ci */;
USE `bookolog`;

DROP TABLE IF EXISTS `authorBookJoins`;
CREATE TABLE IF NOT EXISTS `authorBookJoins` (
  `id` int(11) NOT NULL AUTO_INCREMENT,
  `createdAt` datetime NOT NULL,
  `updatedAt` datetime NOT NULL,
  `bookId` int(11) DEFAULT NULL,
  `authorId` int(11) DEFAULT NULL,
  PRIMARY KEY (`id`),
  UNIQUE KEY `authorBookJoins_authorId_bookId_unique` (`bookId`,`authorId`),
  KEY `authorId` (`authorId`),
  CONSTRAINT `authorBookJoins_ibfk_1` FOREIGN KEY (`bookId`) REFERENCES `books` (`id`) ON DELETE CASCADE ON UPDATE CASCADE,
  CONSTRAINT `authorBookJoins_ibfk_2` FOREIGN KEY (`authorId`) REFERENCES `authors` (`id`) ON DELETE CASCADE ON UPDATE CASCADE
) ENGINE=InnoDB AUTO_INCREMENT=35 DEFAULT CHARSET=utf8mb4 COLLATE=utf8mb4_general_ci;

INSERT INTO `authorBookJoins` (`id`, `createdAt`, `updatedAt`, `bookId`, `authorId`) VALUES
	(1, '2023-11-04 13:18:27', '2023-11-04 13:18:27', 1, 1),
	(2, '2023-11-04 13:24:01', '2023-11-04 13:24:01', 4, 2),
	(3, '2023-11-04 13:24:27', '2023-11-04 13:24:27', 6, 3),
	(4, '2023-11-04 13:24:31', '2023-11-04 13:24:31', 7, 4),
	(5, '2023-11-04 13:24:40', '2023-11-04 13:24:40', 9, 5),
	(6, '2023-11-04 13:26:08', '2023-11-04 13:26:08', 11, 6),
	(7, '2023-11-04 13:26:09', '2023-11-04 13:26:09', 12, 7),
	(8, '2023-11-04 13:26:10', '2023-11-04 13:26:10', 13, 7),
	(9, '2023-11-04 13:39:53', '2023-11-04 13:39:53', 15, 8),
	(10, '2023-11-04 14:32:38', '2023-11-04 14:32:38', 18, 9),
	(11, '2023-11-04 14:32:47', '2023-11-04 14:32:47', 19, 10),
	(12, '2023-11-04 14:32:56', '2023-11-04 14:32:56', 20, 11),
	(13, '2023-11-04 14:33:03', '2023-11-04 14:33:03', 21, 12),
	(14, '2023-11-04 14:33:05', '2023-11-04 14:33:05', 21, 13),
	(15, '2023-11-04 16:38:46', '2023-11-04 16:38:46', 22, 14),
	(16, '2023-11-04 16:42:51', '2023-11-04 16:42:51', 23, 14),
	(17, '2023-11-04 16:43:14', '2023-11-04 16:43:14', 24, 14),
	(18, '2023-11-04 16:44:26', '2023-11-04 16:44:26', 25, 15),
	(19, '2023-11-04 16:49:11', '2023-11-04 16:49:11', 27, 16),
	(20, '2023-11-04 16:50:36', '2023-11-04 16:50:36', 31, 17),
	(21, '2023-11-04 16:50:42', '2023-11-04 16:50:42', 32, 18),
	(22, '2023-11-04 16:50:49', '2023-11-04 16:50:49', 33, 19),
	(23, '2023-11-04 16:51:02', '2023-11-04 16:51:02', 34, 20),
	(24, '2023-11-04 16:51:21', '2023-11-04 16:51:21', 35, 21),
	(25, '2023-11-04 16:51:33', '2023-11-04 16:51:33', 36, 22),
	(26, '2023-11-04 16:51:35', '2023-11-04 16:51:35', 36, 23),
	(27, '2023-11-04 16:51:46', '2023-11-04 16:51:46', 37, 24),
	(28, '2023-11-04 17:25:09', '2023-11-04 17:25:09', 42, 25),
	(29, '2023-11-04 17:25:25', '2023-11-04 17:25:25', 43, 26),
	(30, '2023-11-04 18:12:56', '2023-11-04 18:12:56', 45, 27),
	(31, '2023-11-04 18:29:16', '2023-11-04 18:29:16', 47, 28),
	(32, '2023-11-04 18:40:11', '2023-11-04 18:40:11', 49, 29),
	(33, '2023-11-04 18:40:29', '2023-11-04 18:40:29', 51, 30),
	(34, '2023-11-04 18:40:34', '2023-11-04 18:40:34', 53, 31);

DROP TABLE IF EXISTS `authors`;
CREATE TABLE IF NOT EXISTS `authors` (
  `id` int(11) NOT NULL AUTO_INCREMENT,
  `name` varchar(255) NOT NULL,
  `alternate_names` longtext CHARACTER SET utf8mb4 COLLATE utf8mb4_bin DEFAULT NULL CHECK (json_valid(`alternate_names`)),
  `author_uid` varchar(100) DEFAULT NULL,
  `birth_year` varchar(255) DEFAULT NULL,
  `death_year` varchar(255) DEFAULT NULL,
  `biography` text DEFAULT NULL,
  `slug` char(255) NOT NULL,
  `img_uri` varchar(255) DEFAULT NULL,
  `createdAt` datetime NOT NULL,
  `updatedAt` datetime NOT NULL,
  PRIMARY KEY (`id`),
  UNIQUE KEY `author_uid` (`author_uid`)
) ENGINE=InnoDB AUTO_INCREMENT=32 DEFAULT CHARSET=utf8mb4 COLLATE=utf8mb4_general_ci;

INSERT INTO `authors` (`id`, `name`, `alternate_names`, `author_uid`, `birth_year`, `death_year`, `biography`, `slug`, `img_uri`, `createdAt`, `updatedAt`) VALUES
	(1, 'Sean Stewart', '"[\\"Stewart, Sean.\\",\\"SEAN STEWART\\",\\"SEAN STEWART\' \'JORDAN WEISMAN\\",\\"Sean Stewart\\",\\"Jordan Weisman\\",\\"Illustrator-Cathy Brigg\\"]"', 'OL27737A', '2 June 1965', NULL, 'Sean Stewart (born June 2, 1965) is an American-Canadian science fiction and fantasy author. [source](https://en.wikipedia.org/wiki/Sean_Stewart)', 'sean-stewart', NULL, '2023-11-04 13:18:27', '2023-11-04 13:18:27'),
	(2, 'Gregory Bassham', NULL, 'OL773723A', '1959', NULL, NULL, 'gregory-bassham', NULL, '2023-11-04 13:24:01', '2023-11-04 13:24:01'),
	(3, 'Chris Kempshall', NULL, 'OL7768366A', NULL, NULL, NULL, 'chris-kempshall', NULL, '2023-11-04 13:24:27', '2023-11-04 13:24:27'),
	(4, 'Marc Sumerak', NULL, 'OL9363328A', NULL, NULL, NULL, 'marc-sumerak', NULL, '2023-11-04 13:24:31', '2023-11-04 13:24:31'),
	(5, 'Pablo Hidalgo', '"[\\"pablo hidalgo\\",\\"Simon Beecroft & Pablo Hidalgo\\"]"', 'OL2833399A', '12 October 1974', NULL, NULL, 'pablo-hidalgo', NULL, '2023-11-04 13:24:40', '2023-11-04 13:24:40'),
	(6, 'Michael Mann', NULL, 'OL719006A', NULL, NULL, NULL, 'michael-mann', NULL, '2023-11-04 13:26:08', '2023-11-04 13:26:08'),
	(7, 'Nira Wickramasinghe', NULL, 'OL519155A', NULL, NULL, NULL, 'nira-wickramasinghe', NULL, '2023-11-04 13:26:09', '2023-11-04 13:26:09'),
	(8, 'Cheryl Price', NULL, 'OL2719926A', NULL, NULL, NULL, 'cheryl-price', NULL, '2023-11-04 13:39:53', '2023-11-04 13:39:53'),
	(9, 'Bridget Brereton', NULL, 'OL435530A', '1946', NULL, NULL, 'bridget-brereton', NULL, '2023-11-04 14:32:38', '2023-11-04 14:32:38'),
	(10, 'Joshua Jelly-Schapiro', NULL, 'OL7484160A', NULL, NULL, NULL, 'joshua-jelly-schapiro', NULL, '2023-11-04 14:32:47', '2023-11-04 14:32:47'),
	(11, 'Romel Hernandez', NULL, 'OL1514805A', NULL, NULL, NULL, 'romel-hernandez', NULL, '2023-11-04 14:32:56', '2023-11-04 14:32:56'),
	(12, 'Susanne Muehleisen', NULL, 'OL3873960A', NULL, NULL, NULL, 'susanne-muehleisen', NULL, '2023-11-04 14:33:03', '2023-11-04 14:33:03'),
	(13, 'Bettina Migge', NULL, 'OL1517067A', NULL, NULL, NULL, 'bettina-migge', NULL, '2023-11-04 14:33:05', '2023-11-04 14:33:05'),
	(14, 'Jordan B. Peterson', '"[\\"Jordan B Peterson\\",\\"JORDAN B PETERSON\\",\\"Jordan Peterson\\"]"', 'OL234426A', 'June 12, 1962', NULL, NULL, 'jordan-b-peterson', NULL, '2023-11-04 16:38:46', '2023-11-04 16:38:46'),
	(15, 'B. J. Fogg', NULL, 'OL3241863A', NULL, NULL, NULL, 'b-j-fogg', NULL, '2023-11-04 16:44:26', '2023-11-04 16:44:26'),
	(16, 'Nicolas Cole', NULL, 'OL7912535A', NULL, NULL, NULL, 'nicolas-cole', NULL, '2023-11-04 16:49:11', '2023-11-04 16:49:11'),
	(17, 'William Long', NULL, 'OL1607681A', NULL, NULL, NULL, 'william-long', NULL, '2023-11-04 16:50:36', '2023-11-04 16:50:36'),
	(18, 'Justin W. M. Roberts', NULL, 'OL10768052A', NULL, NULL, NULL, 'justin-w-m-roberts', NULL, '2023-11-04 16:50:42', '2023-11-04 16:50:42'),
	(19, 'Richard Heredia', NULL, 'OL10746588A', NULL, NULL, NULL, 'richard-heredia', NULL, '2023-11-04 16:50:49', '2023-11-04 16:50:49'),
	(20, 'Ronnie Remonda', NULL, 'OL3488716A', NULL, NULL, NULL, 'ronnie-remonda', NULL, '2023-11-04 16:51:01', '2023-11-04 16:51:01'),
	(21, 'Samih K. Farsoun', NULL, 'OL391357A', NULL, NULL, NULL, 'samih-k-farsoun', NULL, '2023-11-04 16:51:21', '2023-11-04 16:51:21'),
	(22, 'Allan Wigfield', NULL, 'OL4980333A', NULL, NULL, NULL, 'allan-wigfield', NULL, '2023-11-04 16:51:33', '2023-11-04 16:51:33'),
	(23, 'John T. Guthrie', NULL, 'OL1283321A', NULL, NULL, NULL, 'john-t-guthrie', NULL, '2023-11-04 16:51:35', '2023-11-04 16:51:35'),
	(24, 'Gary N. Chambers', NULL, 'OL23452A', '1956', NULL, NULL, 'gary-n-chambers', NULL, '2023-11-04 16:51:46', '2023-11-04 16:51:46'),
	(25, 'Gregory C. Chow', NULL, 'OL535790A', '1929', NULL, NULL, 'gregory-c-chow', NULL, '2023-11-04 17:25:09', '2023-11-04 17:25:09'),
	(26, 'Anjal Prakash', NULL, 'OL4189539A', NULL, NULL, NULL, 'anjal-prakash', NULL, '2023-11-04 17:25:25', '2023-11-04 17:25:25'),
	(27, 'Richard C. Brown', NULL, 'OL2815861A', NULL, NULL, NULL, 'richard-c-brown', NULL, '2023-11-04 18:12:56', '2023-11-04 18:12:56'),
	(28, 'Giulio Maestro', NULL, 'OL10071457A', NULL, NULL, NULL, 'giulio-maestro', NULL, '2023-11-04 18:29:15', '2023-11-04 18:29:15'),
	(29, 'George C. Stone', NULL, 'OL3333839A', NULL, NULL, NULL, 'george-c-stone', NULL, '2023-11-04 18:40:11', '2023-11-04 18:40:11'),
	(30, 'Lutz Wegner', NULL, 'OL1688254A', NULL, NULL, NULL, 'lutz-wegner', NULL, '2023-11-04 18:40:29', '2023-11-04 18:40:29'),
	(31, 'Jon Orwant', NULL, 'OL386680A', NULL, NULL, NULL, 'jon-orwant', NULL, '2023-11-04 18:40:34', '2023-11-04 18:40:34');

DROP TABLE IF EXISTS `bookCoverImages`;
CREATE TABLE IF NOT EXISTS `bookCoverImages` (
  `id` int(11) NOT NULL AUTO_INCREMENT,
  `cover_img` longtext CHARACTER SET utf8mb4 COLLATE utf8mb4_bin DEFAULT NULL CHECK (json_valid(`cover_img`)),
  `createdAt` datetime NOT NULL,
  `updatedAt` datetime NOT NULL,
  PRIMARY KEY (`id`)
) ENGINE=InnoDB DEFAULT CHARSET=utf8mb4 COLLATE=utf8mb4_general_ci;


DROP TABLE IF EXISTS `books`;
CREATE TABLE IF NOT EXISTS `books` (
  `id` int(11) NOT NULL AUTO_INCREMENT,
  `uuid` varchar(100) NOT NULL,
  `title` text NOT NULL,
  `subtitle` text DEFAULT NULL,
  `book_uid` varchar(100) DEFAULT NULL,
  `publisher` text DEFAULT NULL,
  `published_date` text DEFAULT NULL,
  `description` text DEFAULT NULL,
  `maturityRating` varchar(255) DEFAULT NULL,
  `contentVersion` varchar(255) DEFAULT NULL,
  `language` text DEFAULT NULL,
  `search_info` longtext CHARACTER SET utf8mb4 COLLATE utf8mb4_bin DEFAULT NULL CHECK (json_valid(`search_info`)),
  `categories` longtext CHARACTER SET utf8mb4 COLLATE utf8mb4_bin DEFAULT NULL CHECK (json_valid(`categories`)),
  `e_tag` text DEFAULT NULL,
  `google_uri` varchar(255) DEFAULT NULL,
  `page_count` int(11) DEFAULT NULL,
  `print_type` longtext CHARACTER SET utf8mb4 COLLATE utf8mb4_bin DEFAULT NULL CHECK (json_valid(`print_type`)),
  `isbn_10` varchar(255) DEFAULT NULL,
  `isbn_13` varchar(255) DEFAULT NULL,
  `publish_country` text DEFAULT NULL,
  `book_authors` longtext CHARACTER SET utf8mb4 COLLATE utf8mb4_bin DEFAULT NULL CHECK (json_valid(`book_authors`)),
  `author_ids` longtext CHARACTER SET utf8mb4 COLLATE utf8mb4_bin DEFAULT NULL CHECK (json_valid(`author_ids`)),
  `slug` char(255) NOT NULL,
  `status` tinyint(4) DEFAULT 0,
  `cover_id` int(11) DEFAULT NULL,
  `views` bigint(20) DEFAULT 0,
  `is_featured` tinyint(1) DEFAULT 0,
  `createdAt` datetime NOT NULL,
  `updatedAt` datetime NOT NULL,
  PRIMARY KEY (`id`),
  UNIQUE KEY `uuid` (`uuid`),
  UNIQUE KEY `book_uid` (`book_uid`),
  KEY `cover_id` (`cover_id`),
  CONSTRAINT `books_ibfk_1` FOREIGN KEY (`cover_id`) REFERENCES `bookCoverImages` (`id`) ON DELETE NO ACTION ON UPDATE CASCADE
) ENGINE=InnoDB AUTO_INCREMENT=54 DEFAULT CHARSET=utf8mb4 COLLATE=utf8mb4_general_ci;

INSERT INTO `books` (`id`, `uuid`, `title`, `subtitle`, `book_uid`, `publisher`, `published_date`, `description`, `maturityRating`, `contentVersion`, `language`, `search_info`, `categories`, `e_tag`, `google_uri`, `page_count`, `print_type`, `isbn_10`, `isbn_13`, `publish_country`, `book_authors`, `author_ids`, `slug`, `status`, `cover_id`, `views`, `is_featured`, `createdAt`, `updatedAt`) VALUES
	(1, '83502e39afdb864e691748fa079c1d14', 'Yoda', 'Dark Rendezvous', 'rdgi7mqaOz0C', 'Ballantine Books', '2004', '<b><i>As the Clone Wars rage, Jedi Master Yoda must once again face one of his greatest adversaries: Count Dooku. . . .<br></i><br></b>The savage Clone Wars have forced the Republic to the edge of collapse. During the height of the battle, on Jedi Knight escapes the carnage to deliver a message to Yoda on Coruscant. It appears that Dooku wants peace and demands a rendezvous. Chances are slim that the treacherous Count is sincere but, with a million lives at stake, Yoda has no choice.<br> <br> The meeting will take place on Djun, a planet steeped in evil. The challenge could not be more difficult. Can Yoda win back his once promising pupil from the dark side or will Count Dooku unleash his sinister forces against his former mentor? Either way, Yoda is sure of one thing: This battle will be one of the fiercest he’ll ever face.', 'NOT_MATURE', '1.1.0.0.preview.0', 'en', NULL, '["Fiction / Media Tie-In","Fiction / Science Fiction / General","Fiction / Science Fiction / Action & Adventure","Fiction / Science Fiction / Space Opera"]', 'SGIv1Jrwi5A', 'https://www.googleapis.com/books/v1/volumes/rdgi7mqaOz0C', 329, '"BOOK"', '0345463099', '9780345463098', NULL, '["Sean Stewart"]', '[{"name":"Sean Stewart","key":"OL27737A","k_id":1}]', 'yoda', 1, NULL, 4, 1, '2023-11-04 13:18:24', '2023-11-04 18:29:38'),
	(2, '402765066e2e919444da761b83519379', 'Harry Potter: Exploring Hogwarts', 'An Illustrated Guide', 'vnbgDwAAQBAJ', 'Simon and Schuster', '2019-10-08', 'Explore the iconic locations of Hogwarts as seen in the Harry Potter films with this large-scale interactive book, <i>Harry Potter: Exploring Hogwarts</i>.<br><br><i>Harry Potter: Exploring Hogwarts</i><i> </i>pairs striking full-color illustrations of Hogwarts with interactive elements that reveal key movie scenes, concept art, and behind-the-scenes info on the most memorable locations within Hogwarts School of Witchcraft and Wizardry. Go behind-the-scenes with iconic landmarks like the Forbidden Forest, the Great Hall, and Quidditch Pitch, and discover secret rooms and mysteries hidden beyond the school’s surface.<br> <br> The first in a series of large-scale interactive books that explore the iconic locations from the films of the Wizarding World, <i>Harry Potter: Exploring Hogwarts</i> is the perfect book for readers of all ages to connect with and rediscover the magic of Hogwarts.', 'NOT_MATURE', '0.1.1.0.preview.0', 'en', NULL, '["Juvenile Nonfiction / Performing Arts / Film","Juvenile Nonfiction / Media Tie-In","Juvenile Nonfiction / Performing Arts / General"]', 'N3Sqx1f71Dk', 'https://www.googleapis.com/books/v1/volumes/vnbgDwAAQBAJ', 48, '"BOOK"', '1683836227', '9781683836223', NULL, '["Jody Revenson"]', '[{"name":"Jody Revenson","key":null,"k_id":null}]', 'harry-potter-exploring-hogwarts', 1, NULL, 4, 1, '2023-11-04 13:19:57', '2023-11-04 18:29:44'),
	(3, '73477be1bc7c1bec386533b7f87c49cc', 'Pack Harry Potter - La Serie Completa / Harry Potter Paperback Boxed Set: Books 1-7', NULL, '3mM-zwEACAAJ', 'Penguin Random House Grupo Editorial (USA) LLC', '2023-10-24', '<b>La colección completa de Harry Potter en un estuche que reúne las siete novelas de la saga más mágica de todos los tiempos.</b> <p>Este estuche contiene las novelas: <p><i><b>Harry Potter y la piedra filosofal</b><br></i><br>El día que Harry Potter cumple once años, Rubeus Hagrid, un hombre gigantesco cuyos ojos brillan como escarabajos negros, irrumpe con una noticia extraordinaria: Harry es un mago, y le han concedido una plaza en el Colegio Hogwarts de Magia y Hechicería. ¡Está a punto de comenzar una aventura increíble! <p><b><i>Harry Potter y la cámara secreta</i></b> <p>De vuelta en el Colegio Hogwarts de Magia y Hechicería, donde va a empezar su segundo curso, Harry oye unos extraños susurros que resuenan por los pasillos vacíos. Y entonces empiezan los ataques y varios alumnos aparecen petrificados... Por lo visto, una siniestras predicciones se están cumpliendo... <p><b><i>Harry Potter y el prisionero de Azkaban</i></b> <p>Sirius Black, asesino y seguidor de lord Voldemort, se ha fugado, y dicen que va en busca de Harry. Pero quizá lo más aterrador sean los dementores que patrullan por los jardines del colegio, capaces de sorberte el alma con su beso... <p><b><i>Harry Potter y el cáliz de fuego</i></b> <p>Se va a celebrar en Hogwarts el Torneo de los Tres Magos. Durante el torneo, Harry deberá enfrentarse a desafíos mortales, dragones y magos tenebrosos, pero con la ayuda de Ron y Hermione, sus mejores amigos, ¡quizá logre salir con vida! <p><i><b>Harry Potter y la Orden del Fénix</b></i> <p>Harry Potter comprende que Voldemort no se detendrá ante nada para encontrarlo. Muchos niegan que el Señor Tenebroso haya regresado, pero Harry no está solo: una orden secreta se reúne en Grimmauld Place para luchar contra las fuerzas oscuras. <p><i><b>Harry Potter y el misterio del príncipe</b></i> <p>Dumbledore sabe que se acerca el momento, anunciado por la Profecía, en que Harry y Voldemort se enfrentarán a muerte. El anciano director solicitará la ayuda de Harry y juntos emprenderán peligrosos viajes para intentar debilitar al enemigo, para lo cual el joven mago contará con un viejo libro de pociones perteneciente a un misterioso personaje, alguien que se hace llamar Príncipe Mestizo. <p><i><b>Harry Potter y las reliquias de la muerte</b></i> <p>Harry Potter sabe que lord Voldemort y sus mortífagos se hallan cerca. El Señor Tenebroso se dedica a aterrorizar a todos los seres queridos de Harry, y, para detenerlo, éste habrá de encontrar y destruir los horrocruxes que quedan. La batalla definitiva debe comenzar: Harry tendrá que alzarse y enfrentarse a su enemigo... <p><b>ENGLISH DESCRIPTION</b> <p><b>The Harry Potter Boxed Set includes J.K. Rowling\'s seven beloved, bestselling Harry Potter books in Spanish, housed in a collectible slipcase. </b> <p>The pack includes <i>Harry Potter and the Sorcerer\'s Stone, Harry Potter and the Chamber of Secrets, Harry Potter and the Prisoner of Azkaban, Harry Potter and the Goblet of Fire, Harry Potter and the Order of the Phoenix, Harry Potter and the Half-Blooded Price, </i>and <i>Harry Potter and the Deathly Hollows.</i><br> <b> </b><br> J.K. Rowling\'s seven bestselling Harry Potter books are available in a stunning paperback boxed set! The Harry Potter series has been hailed as <b>"one for the ages" by Stephen King</b> and <b>"a spellbinding saga\' by <i>USA Today</i></b>. And, most recently, the <i>New York Times</i> called <i>Harry Potter and the Deathly Hallows</i> the "fastest selling book in history."<br> <b> </b><br> <b>This is the ultimate Harry Potter collection for Harry Potter fans of all ages!</b>', 'NOT_MATURE', 'preview-1.0.0', 'es', NULL, '["Juvenile Fiction / Action & Adventure / General","Juvenile Fiction / Fantasy & Magic","Juvenile Fiction / Social Themes / Friendship"]', 'um19EXqTQQs', 'https://www.googleapis.com/books/v1/volumes/3mM-zwEACAAJ', 3872, '"BOOK"', '841817319X', '9788418173196', NULL, '["J.k. Rowling"]', '[{"name":"J.k. Rowling","key":null,"k_id":null}]', 'pack-harry-potter-la-serie-completa-harry-potter-paperback-boxed-set-books-1-7', 1, NULL, 2, 0, '2023-11-04 13:23:49', '2023-11-04 13:23:50'),
	(4, '84c2928a683e83e0528eb9e9a1551263', 'The Ultimate Harry Potter and Philosophy', 'Hogwarts for Muggles', 'lJB5DwAAQBAJ', 'John Wiley & Sons', '2010-09-14', '<p>A philosophical exploration of the entire seven-book <i>Harry Potter</i> series</p> <p><i>Harry Potter</i> has been heralded as one of the most popular book series of all time and the philosophical nature of Harry, Hermione, and Ron\'s quest to rid the world of its ultimate evil is one of the many things that make this series special. <i>The Ultimate Harry Potter and Philosophy</i> covers all seven titles in J.K. Rowling\'s groundbreaking series and takes fans back to Godric\'s Hollow to discuss life after death, to consider what moral reasoning drove Harry to choose death, and to debate whether Sirius Black is a man or a dog.</p> <p>With publication timed to coincide with the release of the movie <i>Harry Potter and the Deathly Hallows (Part 1),</i> this book will be the definitive guide for all fans looking to appreciate the series on a deeper level.</p> <ul> <li>Covers a range of intriguing topics such as the redemption of Severus Snape, the power of love, and destiny in the wizarding world</li> <li>Gives you a new perspective on <i>Harry Potter</i> characters, plot lines, and themes</li> <li>Makes a perfect companion to the <i>Harry Potter</i> books and movies</li> </ul> <p>Packed with interesting ideas and insights, <i>The Ultimate Harry Potter and Philosophy</i> is an ideal companion for anyone interested in unraveling the subtext and exploring the greater issues at work in the story.</p>', 'NOT_MATURE', '0.0.2.0.preview.1', 'en', NULL, '["Philosophy / General"]', '4EvKwdscdvY', 'https://www.googleapis.com/books/v1/volumes/lJB5DwAAQBAJ', 304, '"BOOK"', '0470398256', '9780470398258', NULL, '["William Irwin","Gregory Bassham"]', '[{"name":"Gregory Bassham","key":"OL773723A","k_id":2},{"name":"William Irwin","key":null,"k_id":null}]', 'the-ultimate-harry-potter-and-philosophy', 1, NULL, 2, 0, '2023-11-04 13:23:51', '2023-11-04 13:24:01'),
	(5, '4d6731e22ae88f08936724651a913eb4', 'Star Wars', 'The Complete Visual Dictionary', 'fg6engEACAAJ', 'Lucas Books', '2006', 'From characters like Darth Maul and Yoda, to places like Naboo and Dexter\'s Diner, to creatures like Jabba the Hutt and Ewoks, <i>Star Wars: The Complete Visual Dictionary</i> chronicles every character, weapon, starship, droid, creature, and alien in the Star Wars universe. <p>The only comprehensive visual guide available -- and now with a new, refreshed look -- it features more than one thousand stills and digitally rendered pictures, making this the ultimate collector\'s item for every <i>Star Wars</i> fan.</p> <p>(c) 2012 Lucasfilm Ltd. (R) & (TM) All Rights Reserved. Used Under Authorization.</p>', 'NOT_MATURE', 'preview-1.0.0', 'en', NULL, NULL, '6j+fUuaR3cw', 'https://www.googleapis.com/books/v1/volumes/fg6engEACAAJ', 270, '"BOOK"', '0756622387', '9780756622381', NULL, '["David West Reynolds","James Luceno","Ryder Windham"]', '[{"name":"David West Reynolds","key":null,"k_id":null},{"name":"James Luceno","key":null,"k_id":null},{"name":"Ryder Windham","key":null,"k_id":null}]', 'star-wars', 1, NULL, 5, 0, '2023-11-04 13:24:19', '2023-11-04 18:30:28'),
	(6, 'bc8cbb17c18d1f1a7b48d8b91ce23bb8', 'The History and Politics of Star Wars', 'Death Stars and Democracy', '72Z2EAAAQBAJ', 'Taylor & Francis', '2022-08-11', '<p>This book provides the first detailed and comprehensive examination of all the materials making up the <i>Star Wars</i> franchise relating to the portrayal and representation of real-world history and politics.</p> <p>Drawing on a variety of sources, including films, published interviews with directors and actors, novels, comics, and computer games, this volume explores the ways in which historical and contemporary events have been repurposed within <i>Star Wars</i>. It focuses on key themes such as fascism and the Galactic Empire, the failures of democracy, the portrayal of warfare, the morality of the Jedi, and the representations of sex, gender, and race. Through these themes, this study highlights the impacts of the fall of the Soviet Union, the War on Terror, and the failures of the United Nations upon the ‘galaxy far, far away’. By analysing and understanding these events and their portrayal within <i>Star Wars</i>, it shows how the most popular media franchise in existence aims to speak about wider contemporary events and issues.</p> <p><i>The History and Politics of Star Wars </i>is useful for upper-level undergraduates, postgraduates, and scholars of a variety of disciplines such as transmedia studies, science fiction, cultural studies, and world history and politics in the twentieth and twenty-first centuries.</p>', 'NOT_MATURE', 'preview-1.0.0', 'en', NULL, '["History / Modern / 21st Century","History / Modern / 20th Century / General","History / United States / 21st Century","History / United States / 20th Century","History / Military / Special Forces","History / Social History"]', 'Hdbm27pdRlc', 'https://www.googleapis.com/books/v1/volumes/72Z2EAAAQBAJ', 252, '"BOOK"', '1351382705', '9781351382700', NULL, '["Chris Kempshall"]', '[{"name":"Chris Kempshall","key":"OL7768366A","k_id":3}]', 'the-history-and-politics-of-star-wars', 1, NULL, 2, 0, '2023-11-04 13:24:24', '2023-11-04 13:24:27'),
	(7, '781ea6b48a0ea90f1cae9cdaa8e7bb62', 'Star Wars: The Secrets of the Sith', 'Dark Side Knowledge from the Skywalker Saga, The Clone Wars, Star Wars Rebels, and More (Children\'s Book, Star Wars Gift)', 'aw9UEAAAQBAJ', 'Simon and Schuster', '2021-10-12', '<b>The exciting follow-up to 2020 IBPA award winner <i>Star Wars: The Secrets of the Jedi</i>.</b><br> <br> <b>If you only knew the power of the dark side! Discover the ways of the Sith in this thrilling, informative, and fully illustrated children’s book.</b><b> </b><br><br>Join Emperor Palpatine, otherwise known as Darth Sidious, in this exploration of the Sith and the evil allies of the dark side. <i>Star Wars: The Secrets of the Sith </i>will thrill young fans with dark-side knowledge, incredible artwork, and interactive features, such as pop-ups, booklets, and lift-the-flap inserts.<br> <br> • <b>Experience the power of the dark side: </b>Narrated by Emperor Palpatine, this book will give young readers insight into the might of the dark side.<br> <br> • <b>Learn about some of the greatest <i>Star Wars </i>dark-side villains: </b>Spanning films, television shows, books, comics, and video games, <i>Star Wars: The Secrets of the Sith </i>chronicles some of the dark side’s most infamous practitioners, including Darth Maul, Count Dooku, Asajj Ventress, Darth Vader, the Grand Inquisitor, and Kylo Ren.<br> <br> • <b>Amazing original illustrations: </b><i>Star Wars: The Secrets of the Sith </i>is a beautifully illustrated children’s book that readers will want to revisit time and again. Including a frameable 11″ x 17″ poster of the cover art, this book is a great gift for <i>Star Wars </i>fans.<br> <br> • <b>Full of exciting interactive features: </b>Pop-ups, booklets, and lift-the-flap inserts will thrill young fans, making for an engaging experience while delving into stories about the Sith.<br> <br> • <b>The perfect addition to any <i>Star Wars </i>library: </b>This beautifully bound hardcover book is a must-have for any young fan’s collection.', 'NOT_MATURE', '0.1.0.0.preview.0', 'en', NULL, '["Juvenile Fiction / Action & Adventure / General","Juvenile Fiction / Media Tie-In","Juvenile Fiction / Performing Arts / Film"]', 'Ui3iz+PWW8U', 'https://www.googleapis.com/books/v1/volumes/aw9UEAAAQBAJ', 32, '"BOOK"', '1647221978', '9781647221973', NULL, '["Marc Sumerak"]', '[{"name":"Marc Sumerak","key":"OL9363328A","k_id":4}]', 'star-wars-the-secrets-of-the-sith', 1, NULL, 2, 0, '2023-11-04 13:24:29', '2023-11-04 13:24:31'),
	(8, '8745801230f4f7890b10d429f0f5581c', 'Ultimate Star Wars, New Edition', 'The Definitive Guide to the Star Wars Universe', 'OpWPEAAAQBAJ', 'DK', '2019-10-04', '<b>Every significant Star Wars character, creature, location, battle, droid and vehicle: one ultimate encyclopedia.</b><br><br>Packed full of information, stunning images, and now fully updated to include <i>The Last Jedi, Solo: A Star Wars Story</i>, <i>Star Wars: Resistance</i>, plus an exclusive look at <i>The Rise of Skywalker</i>.<br><br>All the saga\'s iconic characters are here, from Darth Vader to Ponda Baba and Leia to Luminara Unduli. Amazing vehicles are explored, such as the <i>Millennium Falcon</i> and <i>Ghost</i>. Extraordinary technology is explained, including all your favourite lightsabers, and key events in the epic <i>Star Wars</i> story are richly unpacked, with behind-the-scenes insights.<br><br><i>Ultimate Star Wars New Edition</i> is the ideal go-to resource for fans who wish to brush up on their <i>Star Wars</i> knowledge, and for a new generation of fans eager to start their journey into a galaxy far, far away....<br><br>© & TM 2019 LUCASFILM LTD.', 'NOT_MATURE', 'preview-1.0.0', 'en', NULL, '["Fiction / Fantasy / Action & Adventure","Fiction / Media Tie-In","Reference / Encyclopedias"]', 'QyTyFeM7iHA', 'https://www.googleapis.com/books/v1/volumes/OpWPEAAAQBAJ', 352, '"BOOK"', '1465479007', '9781465479006', NULL, '["Adam Bray","Cole Horton","Tricia Barr","Ryder Windham"]', '[{"name":"Adam Bray","key":null,"k_id":null},{"name":"Cole Horton","key":null,"k_id":null},{"name":"Tricia Barr","key":null,"k_id":null},{"name":"Ryder Windham","key":null,"k_id":null}]', 'ultimate-star-wars-new-edition', 1, NULL, 2, 0, '2023-11-04 13:24:33', '2023-11-04 13:24:34'),
	(9, '860310a94e7930b388452699c9654fac', 'Star Wars, the Force Awakens', 'The Visual Dictionary', 'D4aUrgEACAAJ', 'DK/Penguin Random House', '2015', '<p>Explore the characters, Droids(TM), aliens, and creatures of the latest chapter in the <i>Star Wars(TM)</i> saga in this definitive guide to <i>Star Wars: The Force Awakens(TM)</i>.</p><p>Written by Lucasfilm insider Pablo Hidalgo, <i>Star Wars: The Force Awakens The Visual Dictionary</i> offers an inside look into the film; and pop culture website i09 says the book "gives fascinating insight into the world behind the movie."</p><p>Named a Young Adult Library Services Association (YALSA) Quick Pick for Reluctant Young Adult Readers, the book\'s beautiful photography and authoritative text will also appeal to adult fans.</p><p>Learn the names and explanations behind all the details of costumes, weapons, and accessories and discover the dark origins of Kylo Ren. Including three exclusive, specially-commissioned cutaway models produced by Industrial Light & Magic model maker John Goodson, <i>Star Wars: The Force Awakens The Visual Dictionary</i> is the perfect addition to any fan\'s bookshelf.</p><p>(c) & TM 2016 LUCASFILM LTD. Used Under Authorization.</p>', 'NOT_MATURE', 'preview-1.0.0', 'en', NULL, NULL, 'Dvphis81f5M', 'https://www.googleapis.com/books/v1/volumes/D4aUrgEACAAJ', 80, '"BOOK"', '1465438165', '9781465438164', NULL, '["Pablo Hidalgo"]', '[{"name":"Pablo Hidalgo","key":"OL2833399A","k_id":5}]', 'star-wars-the-force-awakens', 1, NULL, 2, 0, '2023-11-04 13:24:38', '2023-11-04 13:24:40'),
	(10, 'b161d6c279485d7a20393ab00a681717', 'Star Wars Origami', '36 Amazing Paper-folding Projects from a Galaxy Far, Far Away....', 'bboqhx5mk54C', 'Workman Publishing Company', '2012-08-07', 'Kids love origami—and what could be cooler than transforming a piece of paper into Boba Fett, Princess Leia, Yoda, or R2-D2? And not just any paper, but custom-designed paper illustrated with art from the movies. <i>Star Wars® Origami </i>marries the fun of paper folding with the obsession of <i>Star Wars</i>. Like <i>The Joy of Origami</i> and <i>Origami on the Go</i>, this book puts an original spin on an ancient art. And like <i>Star Wars® Scanimation® </i>and<i> Star Wars® Fandex®</i>, it’s a fresh take on <i>Star Wars</i> mania.<br><br>Chris Alexander is a master folder and founder of the popular website StarWarsOrigami.com, and here are 36 models, clearly explained, that range in difficulty from Youngling (easy) to Padawan (medium), Jedi Knight (difficult), and Jedi Master (tricky!). A front section introduces origami definitions and basic folds. Bound in the back is the book’s unique folding paper, two sheets for each figure. Illustrated with original art, it makes each creation—the essential lightsabers, the Death Star, and much more—true to the movies.<br><br><i>Star Wars Origami</i> includes a foreword by Tom Angleberger, author of the <i>New York Times </i>bestsellers <i>The Strange Case of Origami Yoda</i> and <i>Darth Paper Strikes Back</i>, and is scheduled to be published at the same time as Angleberger’s upcoming book, <i>The Secret of the Fortune Wookiee</i>.', 'NOT_MATURE', '1.5.3.0.preview.0', 'en', NULL, '["Juvenile Nonfiction / Crafts & Hobbies","Crafts & Hobbies / Origami","Juvenile Nonfiction / Performing Arts / Film"]', 'T5J/asqoDFM', 'https://www.googleapis.com/books/v1/volumes/bboqhx5mk54C', 272, '"BOOK"', '0761169431', '9780761169437', NULL, NULL, NULL, 'star-wars-origami', 0, NULL, 2, 0, '2023-11-04 13:24:42', '2023-11-04 13:24:43'),
	(11, '4534172e265aae46926ecbacd5a924f7', 'South Asia\'s Modern History', 'Thematic Perspectives', 'TBscBQAAQBAJ', 'Routledge', '2014-10-24', '<p>This comprehensive history of modern South Asia explores the historical development of the Subcontinent from the beginning of the eighteenth century to the present day from local and regional, as opposed to European, perspectives. Michael Mann charts the role of emerging states within the Mughal Empire, the gradual British colonial expansion in the political setting of the Subcontinent and shows how the modern state formation usually associated with Western Europe can be seen in some regions of India, linking Europe and South Asia together as part of a shared world history. This book looks beyond the Subcontinent’s post-colonial history to consider the political, economic, social and cultural development of Pakistan and Bangladesh as well as Sri Lanka and Nepal, and to examine how these developments impacted the region’s citizens.</p><i> <p>South Asia’s Modern History</i> begins with a general introduction which provides a geographical, environmental and historiographical overview. This is followed by thematic chapters which discuss Empire Building and State Formation, Agriculture and Agro-Economy, Silviculture and Scientific Forestry, Migration, Circulation and Diaspora, Industrialisation and Urbanisation and Knowledge, Science, Technology and Power, demonstrating common themes across the decades and centuries. </p> <p>This book will be perfect for all students of South Asian history. </p>', 'NOT_MATURE', '0.2.0.0.preview.1', 'en', NULL, '["History / Asia / South / General","History / General","History / Modern / General"]', '7HhU9N5UxAY', 'https://www.googleapis.com/books/v1/volumes/TBscBQAAQBAJ', 436, '"BOOK"', '1317624467', '9781317624462', NULL, '["Michael Mann"]', '[{"name":"Michael Mann","key":"OL719006A","k_id":6}]', 'south-asia-s-modern-history', 1, NULL, 2, 0, '2023-11-04 13:26:05', '2023-11-04 13:26:08'),
	(12, '275e696f080c3b7c00fec5bc702a5390', 'Sri Lanka in the Modern Age', 'A History of Contested Identities', 'Y-xQ8qk9mgYC', 'University of Hawaii Press', '2006-03-31', 'Since the late 1970s civil war has left Sri Lanka in an almost permanent state of crisis; conventional histories of the country by liberal and Marxist scholars in the last two decades have thus tended to focus on the state’s failure to accommodate the needs and demands of the minorities. The entire history of the twentieth century has been tied to this one key issue. <i>Sri Lanka in the Modern Age</i> offers a fresh perspective based on new research. Above all, the author has written a history of the peoples of Sri Lanka rather than a history of the nation-state.', 'NOT_MATURE', '0.5.7.0.preview.3', 'en', NULL, '["History / Asia / General"]', 'PjHbSjux5xU', 'https://www.googleapis.com/books/v1/volumes/Y-xQ8qk9mgYC', 256, '"BOOK"', '0824830164', '9780824830168', NULL, '["Nira Wickramasinghe"]', '[{"name":"Nira Wickramasinghe","key":"OL519155A","k_id":7}]', 'sri-lanka-in-the-modern-age', 1, NULL, 2, 0, '2023-11-04 13:26:06', '2023-11-04 13:26:09'),
	(13, '0bdd4c9cd0e28d8f65e425db7b2e0f3a', 'Sri Lanka in the Modern Age', 'A History', '1sCHCwAAQBAJ', 'Oxford University Press', '2015-03', 'Sri Lanka in the Modern Age recounts the modern history of the island in an accessible yet unconventional manner. Where other histories have tended to focus on the state\'s failure to accommodate the needs and demands of minority communities, Wickramasinghe places their claims alongside the political, social and economic demands of other communities, parties, associations and groups, tracing their lineages to the colonial period. This updated second edition carries the book into the present, covering the brutal end of Sri Lanka\'s civil war and the making of oppressive stability that has grown in its wake. <p>Drawing on recent work as well as on her own research in the field, Wickramasinghe has written above all a history of the people of Sri Lanka rather than a history of the nation-state.<br>', 'NOT_MATURE', '0.1.0.0.preview.1', 'en', NULL, '["History / Asia / South / General"]', 'OT+quGV96dQ', 'https://www.googleapis.com/books/v1/volumes/1sCHCwAAQBAJ', 443, '"BOOK"', '0190225793', '9780190225797', NULL, '["Nira Wickramasinghe"]', '[{"name":"Nira Wickramasinghe","key":"OL519155A","k_id":7}]', 'sri-lanka-in-the-modern-age', 1, NULL, 2, 1, '2023-11-04 13:26:08', '2023-11-04 13:26:10'),
	(14, '9dcff73031e3b9846bf4bfcb5176c4f6', 'Hercules (1745), An Oratorio', 'For SSATBB Solo, SATB Chorus/Choir with English Text (Miniature Score)', '7kLn821t_xAC', 'Alfred Music', '1999-08-26', 'The Oratorio of <i>Hercules</i> was composed in about four weeks, in the months of July and August, 1744. The date of the commencement of the work probably fell within the latter half of July. The first performance, directed by Handel himself, was given January 3rd, 1745.<br> <br> SATB with SSATBB Soli', 'NOT_MATURE', '0.2.5.0.preview.1', 'en', NULL, '["Music / Printed Music / Choral","Music / Individual Composer & Musician","Music / Genres & Styles / Classical","Music / Printed Music / Vocal"]', 'tgthKCyHb2g', 'https://www.googleapis.com/books/v1/volumes/7kLn821t_xAC', 276, '"BOOK"', '1457468875', '9781457468872', NULL, '["George Frideric Handel"]', NULL, 'hercules-1745-an-oratorio', 0, NULL, 2, 0, '2023-11-04 13:34:47', '2023-11-04 13:35:15'),
	(15, 'feed53a12557ba852c2534a80635aa90', 'Produce Complex Business Documents (Word 2002), BSBADM402A', NULL, 'xZY3oe4zjvsC', 'Max Johnson', '2003', NULL, 'NOT_MATURE', '0.4.3.0.preview.1', 'en', NULL, NULL, 'KcdPdtPD2XA', 'https://www.googleapis.com/books/v1/volumes/xZY3oe4zjvsC', 242, '"BOOK"', '1877305545', '9781877305542', NULL, '["Cheryl Price","Julia Wix"]', '[{"name":"Cheryl Price","key":"OL2719926A","k_id":8},{"name":"Julia Wix","key":null,"k_id":null}]', 'produce-complex-business-documents-word-2002-bsbadm402a', 1, NULL, 2, 0, '2023-11-04 13:39:50', '2023-11-04 13:39:53'),
	(16, '8242fdd9a3511a93c22be057dd00a9d2', 'Understanding Change', NULL, '9lS-8-uadlYC', 'Routledge', '2007-06-07', 'Change is now so commonplace that people no longer talk in terms of the "whitewater epoch". Every sector of the economies of the developed world has experienced huge swathes of change in the last decade of the twentieth century alone. Increased global competition, aided and abetted by technological advances, has led many organizations to seek to re-invent themselves in the hope of being able to survive and thrive. In mature sectors in particular, where the pace of consolidation is accelerating, organizations have had little option but to grow through acquisition or be absorbed. Whether the change is labelled "continuous process improvement", "restructuring", "downsizing" or re-engineering", to employees, change usually brings with it added pressures, job insecurity and a consequent loss of commitment to the organization.<br><br>Understanding Change: theory, implementation and success argues that strategic change in the new millennium will be geared increasingly to achieving sustainable high performance, rather than just short-term gains. Most theorists now agree that the real challenge of change lies in gaining employees" willingness to commit to the change effort. Change leaders at every level need to be able to understand the elements at work in any change process, and to use judgement about the style of leadership required to give the change effort the best chance of success. <br><br>Understanding Change: theory, implementation and success provides an overview of change and organizational theory, leading in particular to the author"s definition of the "input" elements of the high performance organisation, based on extensive research into UK and international organisations. It also contains a section looking at the management of change, with case studies illustrating approaches to managing change which are conducive to achieving sustainable high performance. <br><br>In her companion book, The High Performance Organization- creating dynamic stability, the author explores some of the "how to"s" of building an organizational culture which is supportive of high performance in today"s challenging environment.', 'NOT_MATURE', '4.11.9.0.preview.3', 'en', NULL, '["Business & Economics / General","Business & Economics / Human Resources & Personnel Management","Business & Economics / Management"]', 'rzkMmd2LuVQ', 'https://www.googleapis.com/books/v1/volumes/9lS-8-uadlYC', 432, '"BOOK"', '1136351949', '9781136351945', NULL, '["Linda Holbeche"]', NULL, 'understanding-change', 0, NULL, 4, 0, '2023-11-04 13:39:59', '2023-11-04 18:29:33'),
	(17, 'e318ed78140b3daf59d6e4da9caf5dc6', 'Why the Wind Blows \'Round the Bend', NULL, 'saOLEAAAQBAJ', 'Gatekeeper Press', '2022-09-23', '<p>This is a tale of two unlikely friends: a young owl and wise, old frog.</p><p><br></p><p>Mr. Owl wakes up in the night struck by a thought that won’t leave him alone: what makes the wind go ‘round the bend? He had been blown from his home when he was but an owlet, carried by a storm to a quaint little village called “Chirpy Town,” and he needed to know why. In Chirpy Town is a helpful frog who always answers his questions, and he knows now that Mr. Frog is the only one who can explain the mysterious wind!</p><p><br></p><p>Told in verse, Why the Wind Blows ‘Round is a fun yet educational tale full of fun facts about the seasons, rivers, and, of course, the wind! Children of all ages will love the catchy rhyming and animal characters.</p>', 'NOT_MATURE', 'preview-1.0.0', 'en', NULL, '["Juvenile Fiction / Animals / Birds","Juvenile Fiction / Animals / Frogs & Toads","Juvenile Fiction / Stories in Verse"]', '9k19wajucjA', 'https://www.googleapis.com/books/v1/volumes/saOLEAAAQBAJ', 38, '"BOOK"', '1662925859', '9781662925856', NULL, '["Catherine Guthrie"]', NULL, 'why-the-wind-blows-round-the-bend', 0, NULL, 3, 1, '2023-11-04 14:18:32', '2023-11-04 14:32:29'),
	(18, '0b6424dc4173678e9ef6658303be9513', 'General History of the Caribbean', 'The Caribbean in the Twentieth Century', 'rGSCOTc90WUC', 'UNESCO', '2004-01-01', 'This major six-volume project, co-published with Macmillan, covers the historical experience of the peoples and societies of the Caribbean region from the earliest times to the present day. The major objective of Volume V of the', 'NOT_MATURE', '0.9.2.0.preview.1', 'en', NULL, '["History / Caribbean & West Indies / General"]', 'RbwZ2AOXvn8', 'https://www.googleapis.com/books/v1/volumes/rGSCOTc90WUC', 758, '"BOOK"', '923103359X', '9789231033599', NULL, '["P. C. Emmer","Bridget Brereton","B. W. Higman"]', '[{"name":"Bridget Brereton","key":"OL435530A","k_id":9},{"name":"P. C. Emmer","key":null,"k_id":null},{"name":"B. W. Higman","key":null,"k_id":null}]', 'general-history-of-the-caribbean', 1, NULL, 2, 0, '2023-11-04 14:32:36', '2023-11-04 14:32:38'),
	(19, 'da36da0f6c608f70ffd8731ad86fd468', 'Island People', 'The Caribbean and the World', 'FKxHtAEACAAJ', 'Canongate Books', '2018-02', 'Clustered together in azure-blue waters are a collection of little islands whose culture, history and people have touched every corner of the world. From the moment Columbus gazed out at what he mistook for India, and wrote in his journal of \'the most beautiful land that human eyes have ever seen,\' the Caribbean has been the subject of fantasies, myths and daydreams. It was claimed, and its societies were built to enrich old Europe, and much later its beaches were splashed across billboards advertising fizzy drinks, its towns and people pictured in holiday brochures. But these islands are so much more than gloss, white sand and palm trees, they form a region rich in colour, beauty and strength. Home of the Rastafarian faith, Che Guevara\'s stomping ground and birthplace of reggae, the Caribbean has produced some of the world\'s most famous artists, activists, writers, musicians and sportsmen from Usain Bolt to Bob Marley and from Harry Belafonte to V. S. Naipaul. In the pages of Island People we hear the voices of the Caribbean people, explore their home and learn what it means to them, and to the world.', 'NOT_MATURE', 'preview-1.0.0', 'en', NULL, NULL, '4vv0V1LmVto', 'https://www.googleapis.com/books/v1/volumes/FKxHtAEACAAJ', 512, '"BOOK"', '1782115625', '9781782115625', NULL, '["Joshua Jelly-Schapiro"]', '[{"name":"Joshua Jelly-Schapiro","key":"OL7484160A","k_id":10}]', 'island-people', 1, NULL, 2, 0, '2023-11-04 14:32:43', '2023-11-04 14:32:47'),
	(20, '987295e11ee6860d6b9a8c8bf59d705c', 'Caribbean Islands', 'Facts and Figures', 'fdd-rgEACAAJ', 'Mason Crest', '2016', 'Thousands of islands, large and small, are scattered throughout the warm waters of the Caribbean Sea. The largest of these islands are Cuba, Jamaica, Hispaniola (shared by Haiti and the Dominican Republic), and Puerto Rico; together, they are known as the Greater Antilles. Smaller islands include Barbados and Dominica; groups of islands include the Bahamas, the British and U.S. Virgin Islands, and the Leeward and Windward Islands. Approximately 42 million people live in the Caribbean. The culture of the region is a fascinating blend of native, European, and African influences that can vary widely from island to island. Readers of this book are invited to discover the countries of the Caribbean: their history, natural features, economies, people and cultures, and important cities. There\'s a lot to discover about the Caribbean! Each title in this series contains color photos, maps, a chronology of events related to the country, recipes, list of festivals, ideas for projects and reports, and back matter including: an index, further reading lists for books and internet resources, and a series glossary. Mason Crest\'s editorial team has placed Key Icons to Look for throughout the books in this series in an effort to encourage library readers to build knowledge, gain awareness, explore possibilities and expand their viewpoints through our content rich non-fiction books. Key Icons are as follows: Words to Understand are shown at the front of each chapter with definitions. These words are then used in the prose throughout that chapter, and are emboldened, so that the reader is able to reference back to the definitions- building their vocabulary and enhancing their reading comprehension. Sidebars are highlighted graphics with content rich material within that allows readers to build knowledge and broaden their perspectives by weaving together additional information to provide realistic and holistic perspectives. Text Dependent Questions are placed at the end of each chapter. They challenge the reader\'s comprehension of the chapter they have just read, while sending the reader back to the text for more careful attention to the evidence presented there. Research Projects are provided at the end of each book and provide readers with suggestions for projects and reports that encourage deeper research and analysis. A Series Glossary of Key Terms is included in the back matter contains terminology used throughout the series. Words found here broaden the reader\'s knowledge and understanding of terms used in this field.', 'NOT_MATURE', 'preview-1.0.0', 'en', NULL, NULL, 'NKTAsasGxEo', 'https://www.googleapis.com/books/v1/volumes/fdd-rgEACAAJ', 64, '"BOOK"', '142223309X', '9781422233092', NULL, '["Romel Hernandez"]', '[{"name":"Romel Hernandez","key":"OL1514805A","k_id":11}]', 'caribbean-islands', 1, NULL, 2, 0, '2023-11-04 14:32:53', '2023-11-04 14:32:56'),
	(21, '9caaeb120d7c2a1df120826fb967be34', 'Politeness and Face in Caribbean Creoles', NULL, 'krtwZBXmEg4C', 'John Benjamins Publishing', '2005-01-01', '<i>Politeness and Face in Caribbean Creoles </i>is the first collection to focus on socio-pragmatic issues in the Caribbean context, including the socio-cultural rules and principles underlying strategic language use. While the Caribbean has long been recognized as a rich and interesting site where cultural continuities meet with new "creolized" or innovative practices, questions of politeness practices, constructions of personhood, or the notion of face have so far been neglected in linguistic research on Caribbean Creoles. Drawing on linguistic politeness theory and Goffman\'s concept of face, eleven mostly fieldwork-based innovative contributions critically examine a range of topics, such as ritual insults, strategic use of "bad language", <i>kiss-teeth</i>, the performance of homophobic threats, greetings, address forms, advice-giving, socialization and discourse, parent-child discourse, register choice and communicative repertoire in the Caribbean context.', 'NOT_MATURE', '0.3.3.0.preview.1', 'en', NULL, '["Language Arts & Disciplines / Communication Studies"]', '+N8MUN5HGvE', 'https://www.googleapis.com/books/v1/volumes/krtwZBXmEg4C', 293, '"BOOK"', '902724894X', '9789027248947', NULL, '["Susanne Muehleisen","Bettina Migge"]', '[{"name":"Susanne Muehleisen","key":"OL3873960A","k_id":12},{"name":"Bettina Migge","key":"OL1517067A","k_id":13}]', 'politeness-and-face-in-caribbean-creoles', 1, NULL, 2, 0, '2023-11-04 14:33:01', '2023-11-04 14:33:05'),
	(22, '66aaa23b059ba81512b479367c966663', 'Beyond Order', '12 More Rules for Life', 'br8KEAAAQBAJ', 'Penguin Books Limited', '2021-03-02', '<p><b>The inspirational sequel to 12 RULES FOR LIFE, which has sold over 5 million copies around the world - now in paperback</b><br><br>In <i>12 Rules for Life</i>, acclaimed public thinker and clinical psychologist Jordan B. Peterson offered an antidote to the chaos in our lives: eternal truths applied to modern anxieties. His insights have helped millions of readers and resonated powerfully around the world.<br><br>Now in this long-awaited sequel, Peterson goes further, showing that part of life\'s meaning comes from reaching out into the domain beyond what we know, and adapting to an ever-transforming world. While an excess of chaos threatens us with uncertainty, an excess of order leads to a lack of curiosity and creative vitality. <i>Beyond Order</i> therefore calls on us to balance the two fundamental principles of reality - order and chaos - and reveals the profound meaning that can be found on the path that divides them.<br><br>In times of instability and suffering, Peterson reminds us that there are sources of strength on which we can all draw: insights borrowed from psychology, philosophy, and humanity\'s greatest myths and stories. Drawing on the hard-won truths of ancient wisdom, as well as deeply personal lessons from his own life and clinical practice, Peterson offers twelve new principles to guide readers towards a more courageous, truthful and meaningful life.</p>', 'NOT_MATURE', '2.11.11.0.preview.2', 'en', NULL, '["Self-Help / Personal Growth / Happiness","Self-Help / Personal Growth / Success","Self-Help / Self-Management / General","Philosophy / Social","Philosophy / Political","Psychology / Clinical Psychology","Self-Help / Personal Growth / General","Philosophy / General"]', 'JHUWsok6TTI', 'https://www.googleapis.com/books/v1/volumes/br8KEAAAQBAJ', 432, '"BOOK"', '0241407656', '9780241407653', NULL, '["Jordan B. Peterson"]', '[{"name":"Jordan B. Peterson","key":"OL234426A","k_id":14}]', 'beyond-order', 1, NULL, 2, 1, '2023-11-04 16:38:44', '2023-11-04 16:38:46'),
	(23, '0977470f38c34bfa75eb798aa40c9e1a', '12 Rules for Life', 'An Antidote to Chaos', 'sxVHDwAAQBAJ', 'Random House of Canada', '2018-01-23', '<b><b>#1 NATIONAL BESTSELLER <br></b><br>#1 INTERNATIONAL BESTSELLER<br><br>What does everyone in the modern world need to know? <br><br>Renowned psychologist Jordan B. Peterson\'s answer to this most difficult of questions uniquely combines the hard-won truths of ancient tradition with the stunning revelations of cutting-edge scientific research.</b><br><br>Humorous, surprising and informative, Dr. Peterson tells us why skateboarding boys and girls must be left alone, what terrible fate awaits those who criticize too easily, and why you should always pet a cat when you meet one on the street.<br><br>What does the nervous system of the lowly lobster have to tell us about standing up straight (with our shoulders back) and about success in life? Why did ancient Egyptians worship the capacity to pay careful attention as the highest of gods? What dreadful paths do people tread when they become resentful, arrogant and vengeful? <br><br>Dr. Peterson journeys broadly, discussing discipline, freedom, adventure and responsibility, distilling the world\'s wisdom into 12 practical and profound rules for life. <i>12 Rules for Life</i> shatters the modern commonplaces of science, faith and human nature, while transforming and ennobling the mind and spirit of its readers.', 'NOT_MATURE', '0.5.0.0.preview.0', 'en', NULL, '["Psychology / Applied Psychology","Self-Help / Personal Growth / Success","Philosophy / Social"]', 'BxhCSuRa3wQ', 'https://www.googleapis.com/books/v1/volumes/sxVHDwAAQBAJ', 448, '"BOOK"', '0345816021', '9780345816023', NULL, '["Jordan B. Peterson"]', '[{"name":"Jordan B. Peterson","key":"OL234426A","k_id":14}]', '12-rules-for-life', 1, NULL, 5, 0, '2023-11-04 16:42:48', '2023-11-04 16:43:30'),
	(24, 'ccb72d769778b3056e38d77ffde97cf6', '12 Rules for Life', 'An Antidote to Chaos', 'Iqq4tQEACAAJ', 'Penguin Books', '2019', '<p><b>The #1 <i>Sunday Times</i> bestseller from \'the most influential public intellectual in the Western world right now\' (<i>New York Times</i>) - now in paperback.</b><br> <br> <b>How should we live properly in a world of chaos and uncertainty?</b><br> <br> Jordan Peterson has helped millions of people, young and old, men and women, aim at a life of responsibility and meaning. Now he can help you.<br> <br> Drawing on his own work as a clinical psychologist and on lessons from humanity\'s oldest myths and stories, Peterson offers twelve profound and realistic principles to live by. After all, as he reminds us, we each have a vital role to play in the unfolding destiny of the world.<br> <br> Deep, rewarding and enlightening, <i>12 Rules for Life</i> is a lifeboat built solidly for stormy seas: ancient wisdom applied to our contemporary problems.</p>', 'NOT_MATURE', 'preview-1.0.0', 'en', NULL, '["Self-Help / Personal Growth / Happiness"]', 'DDfCmk3oTaM', 'https://www.googleapis.com/books/v1/volumes/Iqq4tQEACAAJ', 448, '"BOOK"', '0141988517', '9780141988511', NULL, '["Jordan B. Peterson"]', '[{"name":"Jordan B. Peterson","key":"OL234426A","k_id":14}]', '12-rules-for-life', 1, NULL, 4, 0, '2023-11-04 16:43:11', '2023-11-04 16:43:29'),
	(25, '3c3908fd40b5e2e62e7539ac4d99dcdf', 'Tiny Habits', 'The Small Changes That Change Everything', '5TmbDwAAQBAJ', 'Houghton Mifflin Harcourt', '2019', '<b>The world\'s leading expert on habit formation shows how you can have a happier, healthier life: by starting small. </b><br> <br> <b>Myth:</b> Change is hard. <i>Reality: Change</i> <i>can be</i> <i>easy if you know the simple steps of Behavior Design.</i><br> <br> <b>Myth:</b> It\'s all about willpower. <i>Reality: Willpower is fickle and finite, and exactly the wrong way to create habits.</i><br> <br> <b>Myth:</b> You have to make a plan and stick to it. <i>Reality: You transform your life by starting small and being flexible.</i><br> <br> BJ FOGG is here to change your life--and revolutionize how we think about human behavior. Based on twenty years of research and Fogg\'s experience coaching more than 40,000 people, Tiny Habits cracks the code of habit formation. With breakthrough discoveries in every chapter, you\'ll learn the simplest proven ways to transform your life. Fogg shows you how to feel good about your successes instead of bad about your failures. <br> <br> Already the habit guru to companies around the world, Fogg brings his proven method to a global audience for the first time. Whether you want to lose weight, de-stress, sleep better, or be more productive each day, <i>Tiny Habits</i> makes it easy to achieve.', 'NOT_MATURE', '0.0.1.0.preview.1', 'en', NULL, NULL, 'gXM43XBUAOc', 'https://www.googleapis.com/books/v1/volumes/5TmbDwAAQBAJ', 320, '"BOOK"', '0358003326', '9780358003328', NULL, '["B. J. Fogg"]', '[{"name":"B. J. Fogg","key":"OL3241863A","k_id":15}]', 'tiny-habits', 1, NULL, 5, 1, '2023-11-04 16:44:24', '2023-11-04 18:29:59'),
	(26, '210a896075afe49cc6c8d1d8626c5dec', 'Mini Habits for Weight Loss', 'Stop Dieting. Form New Habits. Change Your Lifestyle Without Suffering.', 'Al6IDQAAQBAJ', 'Selective Entertainment LLC', '2016-11-27', '<p>You will never diet again.</p><br>Say goodbye to calorie counting, restrictive food bans, or other forced behaviors. In Mini Habits for Weight Loss, you will learn how to lose weight naturally, in the precise way your body and brain are meant to change.<br><br>We’ve blamed ourselves for lack of discipline. That didn’t help.<br>We’ve blamed calories, carbs, and fat. That didn’t help.<br>We’ve blamed our diet formulas. That didn’t help.<br><br>It’s time we looked at the practice of dieting.<br>Nearly all diets are ineffective because they’re based on dieting. Every person has a diet(noun), but it’s only if you are trying to lose weight that you diet (verb). Dieting is eating and drinking sparingly or selectively to reduce your weight.<br><br>It doesn’t work. If you’ve tried dieting, you know that.<br><br>Even the “perfect diet” with the right foods will fail if it’s approached from the traditional dieting perspective. Since weight loss experts are more concerned with biology than neuroscience, we get brilliant discussions on nutrition followed by the same dumb suggestion to “immediately start eating completely different foods than the ones you’re habitually used to eating, and give up everything else.”<br><br>Are You Fighting Your Own Body and Brain?The brain resists dramatic behavioral shifts. Recognizing this and developing a strategy around it made the original Mini Habits the #1 selling self-help book in a number of countries. In Mini Habits for Weight Loss, you’ll see that we also biologically resist such changes, which explains why most dieters and smoothie-cleanse aficionados lose weight in the short term, only to gain it all back (and more) when the body adjusts.<br><br>Mini Habits for Weight Loss will show you how to make dietary changes in a sustainable, permanent way that doesn’t trigger biological or neurological resistance.<br><br>It’s a specialized version of the method that made the original book a hit in 14 languages. The mini habits remain easy to implement, but the reasoning and supporting tactics are more sophisticated. This is by necessity, as weight loss factors are many and varied. The strategies in the book are rooted in extensive biological and neuroscience research.<br><br>You’ll discover:<br>Why it’s a terrible idea to forbid junk food.<br>How some of the most impactful changes you can make don’t involve either diet or exercise.<br>Why conscious calorie restriction causes long-term weight GAIN, and how this science has been publicly available (and ignored) for more than 30 years.<br>How the body’s change process mirrors that of the brain, and why that is great news for losing weight.<br>Creative strategies to mitigate weight gain from eating out, social events, and holiday binge sessions.<br>Why eating fruit is essential to losing weight (for lots of reasons).<br>The role of exercise and an active lifestyle in weight loss, with appropriate strategies.<p>Most importantly, you’ll learn how to change your behavior and lose weight in the long term with mini habits.</p><p>Instead of reading yet another dieting book, why not try a proven behavioral change strategythat your brain and body will welcome and respond to?<br></p>Lasting change won\'t happen until you take that first step toward a strategy that works.<br>Read Mini Habits for Weight Loss, and you’ll never diet again.', 'NOT_MATURE', '1.10.11.0.preview.3', 'en', NULL, '["Health & Fitness / Diet & Nutrition / Weight Loss","Health & Fitness / Diet & Nutrition / Nutrition","Self-Help / Motivational & Inspirational","Self-Help / Personal Growth / General","Self-Help / Personal Growth / Self-Esteem","Body, Mind & Spirit / Inspiration & Personal Growth"]', 'ZDMEAXffHi4', 'https://www.googleapis.com/books/v1/volumes/Al6IDQAAQBAJ', 341, '"BOOK"', '0996435433', '9780996435437', NULL, '["Stephen Guise"]', NULL, 'mini-habits-for-weight-loss', 0, NULL, 2, 0, '2023-11-04 16:45:23', '2023-11-04 16:45:23'),
	(27, '518ffd03a2d5d31bcb9f27fd8de6e021', '19 Tiny Habits That Lead To Huge Results', NULL, 'Rz3ZzQEACAAJ', 'Nicolas Cole', '2020-08-13', '<p>★ Based on Nicolas Cole\'s viral article with more than 1,000,000 views! ★<br></p><p>Big changes don\'t happen overnight.<br></p><p>They happen day by day, little by little-until all of a sudden, you\'ve arrived.</p><p>Nicolas Cole, one of the most-read personal development writers on the internet with more than 100 million views on his work, reveals to readers why the secret to success isn\'t about finding a shortcut-but building tiny habits that compound along the way. <br></p><p>Part actionable advice, part vivid storytelling, 19 Tiny Habits is a quick read.<br></p><p>Reflecting on the 19 tiny habits that have led to huge results in his own life, Cole credits these small daily actions as being the foundational elements of his successes in his late teens and 20s: <br></p><ul><li>"When I was 17 years old, I was one of the highest-ranked World of Warcraft players in North America, as well as one of the first bloggers in the emerging eSports industry with a viral blog."</li><li>"At 22 years old, I discovered I\'d been undiagnosed with Celiac Disease for the first 18 years of my life. I turned to bodybuilding to start over, find a sense of confidence, and turn my newfound boring diet of rice, chicken, and vegetables into an unfair advantage-putting on 70 pounds of muscle and transforming from a skinny, socially awkward teenager into a shredded fitness model."<br></li><li>"By 24, I had graduated college with a degree in fiction writing and decided I wanted to start taking my writing more seriously. In less than 2 years, I became one of the most-read writers on the internet, the #1 writer on Quora (a platform with more than 200 million users), and one of Inc Magazine\'s Top 10 contributing writers."</li><li>"And by 28 years old, I had quit my 9-5 job as a copywriter and turned my love for writing into a ghostwriting business called Digital Press. In less than 18 months, Digital Press became a multi-million-dollar agency with 20+ full-time employees working with more than 300 different Silicon Valley investors, executives, NYT best-selling authors, Grammy-winning musicians, Olympic athletes, and more."</li></ul><p>In this book, readers will not only hear Cole\'s story first hand, but also learn for themselves: <br></p><ul><li>Habits for happiness</li><li>Habits for success</li><li>Habits to improve focus, discipline, persistence, and drive</li><li>Habits to change yourself (for the better)</li><li>Habits to redefine the way you see your life</li></ul><p>19 Tiny Habits That Lead To Huge Results will change the way you think about your life journey. Process over destination, mastery over achievement, Cole has found a way to turn relentless goal-setting into a way to know yourself better as a human being-achieving your goals, while being deeply fulfilled in the process.<br></p><p>Here\'s how.</p>', 'NOT_MATURE', 'preview-1.0.0', 'en', NULL, '["Biography & Autobiography / Personal Memoirs"]', 'fL7CTfvRHd4', 'https://www.googleapis.com/books/v1/volumes/Rz3ZzQEACAAJ', 130, '"BOOK"', '1735574805', '9781735574806', NULL, '["Nicolas Cole"]', '[{"name":"Nicolas Cole","key":"OL7912535A","k_id":16}]', '19-tiny-habits-that-lead-to-huge-results', 1, NULL, 2, 0, '2023-11-04 16:49:08', '2023-11-04 16:49:11'),
	(28, '7b08319e4fe63ccab42476f1ed9cc7c9', 'Tiny Habits', 'The Small Changes That Change Everything', 's7OCDwAAQBAJ', 'HarperCollins', '2019-12-31', '<p>New York Times Bestseller | A habit expert from Stanford University shares his breakthrough method for building habits quickly and easily. With Tiny Habits you’ll increase productivity by tapping into positive emotions to create a happier and healthier life. Dr. Fogg’s new and extremely practical method picks up where Atomic Habits left off. </p><br><p>“There are many great books on the topic [of habits]: The Power of Habit, Atomic Habits, but this offers the most comprehensive, practical, simple, and compassionate method I\'ve ever come across.” —John Stepper, Goodreads user</p><br><p>BJ FOGG is here to change your life—and revolutionize how we think about human behavior. Based on twenty years of research and Fogg’s experience coaching more than 40,000 people, Tiny Habits cracks the code of habit formation. With breakthrough discoveries in every chapter, you’ll learn the simplest proven ways to transform your life. Fogg shows you how to feel good about your successes instead of bad about your failures. </p><br><p>This proven, step-by-step guide will help you design habits and make them stick through positive emotion and celebrating small successes. Whether you want to lose weight, de-stress, sleep better, or be more productive each day, Tiny Habits makes it easy to achieve—by starting small. </p>', 'NOT_MATURE', '1.9.9.0.preview.2', 'en', NULL, '["Self-Help / Self-Management / Time Management","Self-Help / Personal Growth / Success","Self-Help / Motivational & Inspirational","Self-Help / Personal Growth / Happiness"]', 'zKNWmZ5emxg', 'https://www.googleapis.com/books/v1/volumes/s7OCDwAAQBAJ', 320, '"BOOK"', '0358003997', '9780358003991', NULL, '["BJ Fogg"]', NULL, 'tiny-habits', 0, NULL, 2, 0, '2023-11-04 16:49:15', '2023-11-04 16:50:12'),
	(29, '85aa8bbb20910561bfa919dfbbaca27b', 'The Tiny Heist', 'A Tony Crowne Mystery Book 2', 'trC7BwAAQBAJ', 'Hornbeck House', '2015-03-31', '<p>          <b>Tony Crowne returns in a new mystery filled with action, intrigue and adventure.</b> </p><p>An armored truck robbery nets the thieves a cool half-million  dollars. The police arrest the leader of the gang: none other than  Tony\'s football coach! <br>Did the police arrest the right man? Tony doesn\'t think so. <br>With the aid of his friends and his trusty dog, Tony teams up with a  police detective to prove his coach innocent and to track down the real  mastermind behind the heist. <br><b> </b></p><p><b>Bonus: This edition contains an excerpt from Peter Guy George\'s new Tony Crowne mystery, &quot;Hannah\'s Monsters.&quot; </b><b> </b> </p><p>mystery, detective, middle grade, action, adventure, sports, comedy, police, private investigator, thriller, sleuth, preteen, boys, girls, suspense, friendship<b>, </b>the boxcar children, gertrude chandler, encyclopedia brown, donald j. sobol, nancy drew, carolyn keene, the hardy boys, franklin w. dixon, rick riordan, percy jackson, john grisham, theodore boone, the westing game, ellen raskin, mr. lemoncello, chris grabenstein, shadow children, margaret peterson haddix, father brown mysteries, g.k. chesterton, carl hiaasen, beautiful creatures, kami garcia, hoot<br>      </p><p> </p>', 'NOT_MATURE', '1.3.3.0.preview.3', 'en', NULL, '["Juvenile Fiction / Mysteries & Detective Stories","Juvenile Fiction / Action & Adventure / General","Juvenile Fiction / Law & Crime","Juvenile Fiction / General"]', 'hGDlvFSmLjo', 'https://www.googleapis.com/books/v1/volumes/trC7BwAAQBAJ', 354, '"BOOK"', '1506109020', '9781506109022', NULL, '["Peter Guy George"]', NULL, 'the-tiny-heist', 0, NULL, 2, 0, '2023-11-04 16:50:23', '2023-11-04 16:50:24'),
	(30, 'c6f4354adbdc8ce684514bda2a67b6ff', 'Fuck You You Fucking Fuck', '110-Page Funny Sarcastic Blank Lined Journal Makes Great Coworker, Friend Or Gag Gift Idea, 6x9', 'I6fZvgEACAAJ', 'Independently Published', '2018-11-18', 'Fuck You You Fucking Fuck is a 110-page blank, lined journal you can use to encourage yourself to get all your writing done.', 'NOT_MATURE', 'preview-1.0.0', 'en', NULL, NULL, 'G1C7N4enbEs', 'https://www.googleapis.com/books/v1/volumes/I6fZvgEACAAJ', 112, '"BOOK"', '1731524048', '9781731524041', NULL, '["Tiny Camel Books"]', NULL, 'fuck-you-you-fucking-fuck', 0, NULL, 2, 0, '2023-11-04 16:50:29', '2023-11-04 16:50:30'),
	(31, '2b7da24fc47ea3b239f0be79910b5c53', 'Black Bridge', NULL, '1MDB-IiO0BIC', 'Xlibris Corporation', '2001-07-02', 'During the summer of 1954 Ludlow Falls is celebrating its Sesquicentennial. The entire town has turned out for the birthday party. But if it were up to Shorty Long, Mary Gordon, Lake Jagger, and Lord Baltimore, the party wouldn\'t go according to plan. On the surface, this small Midwestern town has enjoyed a rich and colorful one hundred and fifty years - even though Moon Erhart always said, "The only thing they did when they put up this town was to ruin a perfectly good cornfield." But something was lurking in the Falls\' past. And an accidental discovery by a young boy is about to expose a century old secret. A secret that will change lives and split the old town right down the middle.', 'NOT_MATURE', '1.3.3.0.preview.3', 'en', NULL, '["Fiction / General"]', '4iaJTGhRg80', 'https://www.googleapis.com/books/v1/volumes/1MDB-IiO0BIC', 522, '"BOOK"', '0738842494', '9780738842493', NULL, '["William Long"]', '[{"name":"William Long","key":"OL1607681A","k_id":17}]', 'black-bridge', 1, NULL, 2, 0, '2023-11-04 16:50:33', '2023-11-04 16:50:36'),
	(32, '416135d07d1a823d9fe2be3faf744bad', 'The Policewoman', NULL, 'GihnDQAAQBAJ', 'Lulu.com', '2017-10-06', 'Narcoterrorism wreaks havoc on the world as drug cartels operate as dominating, murderous dictatorships. The powerful Irish Drug Cartel has set up drug manufacturing plants around the world and they will kill anyone who gets in their way. Sarah is an ambitious policewoman from an antiterrorist unit. She\'s also smart, beautiful, and extremely good at her job, which is why she is assigned to an Interpol Incident Response Team in Manchester, set up to find and stop The Cartel. Alongside colleagues from the United Kingdom\'s SAS, she must quickly learn new Close Quarters Battle tactics and apply them to a vengeful and threatening battlefield. Sarah\'s investigation appears to be going well until the fight turns personal. She must now struggle to save her friends, family, and even herself. Spanning the globe with a keen knowledge of special forces tactics and some genuinely shocking twists, this book warns of a bloody, drug-addled future we may soon face.', 'NOT_MATURE', '0.3.3.0.preview.1', 'en', NULL, NULL, 'fqGv3bGixx0', 'https://www.googleapis.com/books/v1/volumes/GihnDQAAQBAJ', 442, '"BOOK"', '1483459837', '9781483459837', NULL, '["Justin W. M. Roberts"]', '[{"name":"Justin W. M. Roberts","key":"OL10768052A","k_id":18}]', 'the-policewoman', 1, NULL, 2, 0, '2023-11-04 16:50:40', '2023-11-04 16:50:42'),
	(33, 'ae64625c2b41389417fb3af1d3e3ad86', 'The Misbegotten - Volume One of the Shadow Seed', NULL, 'KRXhBwAAQBAJ', 'Lulu.com', '2014-04-20', 'Unjustly hunted, their families murdered in cold blood, Estefan Ernando and his loyal band emerged from that horror to the pinnacle of the criminal underworld.They possess power never before seen among men.Until now, something unnatural has come to the Sixteen Worlds, something ancient and cold, bringing the vast knowledge of its age-old ancestors with it. Already, it has laid waste to villages and outposts, slaughtering all in its path in search of a weapon, a device that could destroy billions and drive all others into slavery.Beseeched by an unlikely source, Estefan and his Synod have been asked to help, for only they possess the firepower and the technology to thwart the Ancient One. But, Estefan has little faith in mankind and has no desire to defend it.Will he find truth in the sordid days of his youth? Only he knows for certain, but he needs to discover it quickly.Time is scarce.The Ancient One is desperate. He\'ll destroy entire worlds to find his weapon.', 'MATURE', '0.0.1.0.preview.1', 'en', NULL, NULL, 'xmWdqxbVcu0', 'https://www.googleapis.com/books/v1/volumes/KRXhBwAAQBAJ', 618, '"BOOK"', '1312119950', '9781312119956', NULL, '["Richard Heredia"]', '[{"name":"Richard Heredia","key":"OL10746588A","k_id":19}]', 'the-misbegotten-volume-one-of-the-shadow-seed', 1, NULL, 2, 0, '2023-11-04 16:50:46', '2023-11-04 16:50:49'),
	(34, 'e357b1fa88a1dda210907dd23c5251e1', 'But for the Kindness of Strangers and Daddy\'s Little Girl', 'Two Novelettes', '9FTZnx4NAOIC', 'iUniverse', '1999-09', '<i>But for the Kindness of Strangers</i> finds Janet Hardee full of determination and confidence as she puts the miles between her and what has been her only home for all her eighteen years. High school is behind her and college will be the next stepping stone on the road…she is sure…that will lead her to success. Unfortunately, even well-travelled roads can lead to danger, and Janet has to learn this lesson the hard way. She finds that people are not always what they appear to be, and that roads, once taken, cannot always be retraced. Forced into a living hell, she has to rely on her own strength and determination to get her through, one dreadful day at a time. <p>In contrast, <i>Daddy\'s Little Girl</i> introduces the reader to Teresa Bennett…who is thirteen and in love. The man of her dreams is thirty-three, married…and her father. This doesn\'t stop "Tess," who is out to win him over no matter what the cost. When her father dies in a canoeing accident she is unable to cope with the loss and becomes bitter and and self-indulgent; striking out at those who could have helped her the most. Life is not without consequences and Teresa discovers that her life is no exception, as it begins to crumble around her like a deck of cards.</p>', 'NOT_MATURE', '0.0.1.0.preview.3', 'en', NULL, '["Fiction / General"]', 'okfFvQKfZHc', 'https://www.googleapis.com/books/v1/volumes/9FTZnx4NAOIC', 204, '"BOOK"', '1583483764', '9781583483763', NULL, '["Ronnie Remonda"]', '[{"name":"Ronnie Remonda","key":"OL3488716A","k_id":20}]', 'but-for-the-kindness-of-strangers-and-daddy-s-little-girl', 1, NULL, 2, 0, '2023-11-04 16:50:59', '2023-11-04 16:51:02'),
	(35, '2a1248ec1cfe7894bbbf019fc5f7a758', 'Palestine and the Palestinians', 'A Social and Political History', '2384DgAAQBAJ', 'Avalon Publishing', '2009-04-28', '<i>Palestine and the Palestinians</i> is a sweeping social, economic, ideological, and political history of the Palestinian people, from antiquity to the Road Map to Peace. This second edition is thoroughly revised and updated, including entirely new chapters on the most current issues confronting Palestine today, including: Palestinians in Israel; the Oslo Accords and the Second Intifada; Palestinian refugees and the right to return; Jerusalem; the diplomatic "peace process" and two-state/single-state solutions.', 'NOT_MATURE', '1.2.3.0.preview.2', 'en', NULL, '["History / Middle East / General"]', 'KKNMDUxOyo8', 'https://www.googleapis.com/books/v1/volumes/2384DgAAQBAJ', 304, '"BOOK"', '078673597X', '9780786735976', NULL, '["Samih K. Farsoun","Naseer Aruri"]', '[{"name":"Samih K. Farsoun","key":"OL391357A","k_id":21},{"name":"Naseer Aruri","key":null,"k_id":null}]', 'palestine-and-the-palestinians', 1, NULL, 2, 0, '2023-11-04 16:51:18', '2023-11-04 16:51:21'),
	(36, '8c949675bf5f65aa4d4701d2c21cdf71', 'Motivation for Reading: Individual, Home, Textual, and Classroom Perspectives', 'A Special Issue of educational Psychologist', 'VL5dAgAAQBAJ', 'Routledge', '2013-12-16', 'Based on research from the National Reading Research Center (NRRC) at the Universities of Georgia and Maryland, this issue presents the contributors\' sythesized work on reading motivation and engagement. Articles are devoted to the following topics: <br> * the general motivation constructs related to reading; <br> * home influences on reading motivation; <br> * readers\' responses to different types of text; <br> * influences of classroom contexts; and <br> * types of assessment on children\'s motivation.<br>', 'NOT_MATURE', '0.2.0.0.preview.1', 'en', NULL, '["Education / General","Education / Educational Psychology"]', 'yWxagvcRNps', 'https://www.googleapis.com/books/v1/volumes/VL5dAgAAQBAJ', 82, '"BOOK"', '1135490147', '9781135490140', NULL, '["Allan Wigfield","John T. Guthrie"]', '[{"name":"Allan Wigfield","key":"OL4980333A","k_id":22},{"name":"John T. Guthrie","key":"OL1283321A","k_id":23}]', 'motivation-for-reading-individual-home-textual-and-classroom-perspectives', 1, NULL, 6, 0, '2023-11-04 16:51:31', '2023-11-04 18:29:26'),
	(37, '722428db2734ed9243978380634429dc', 'Motivating Language Learners', NULL, 'fR6JNVUO3gcC', 'Multilingual Matters', '1999-01-01', 'This book is informed by pupils\' perceptions of the foreign language learning experience: attitudes brought from primary school; from home; visits abroad; the classroom. What are the implications of these for teachers? The author provides practical strategies to enhance (a) the enjoyment of the in-class experience and (b) the status of modern languages on the curriculum.', 'NOT_MATURE', '0.6.6.0.preview.1', 'en', NULL, '["Education / Secondary","Foreign Language Study / General"]', 'qUIdL9JrBLY', 'https://www.googleapis.com/books/v1/volumes/fR6JNVUO3gcC', 242, '"BOOK"', '1853594482', '9781853594489', NULL, '["Gary N. Chambers"]', '[{"name":"Gary N. Chambers","key":"OL23452A","k_id":24}]', 'motivating-language-learners', 1, NULL, 2, 0, '2023-11-04 16:51:43', '2023-11-04 16:51:46'),
	(38, 'b020ee73ae6d2d06ba472859ce9aaf33', 'Handbook of Motivation at School', NULL, 'P5GOAgAAQBAJ', 'Routledge', '2009-09-10', '<p>The Handbook of Motivation at School presents the first comprehensive and integrated compilation of theory and research on children’s motivation at school. It covers the major theoretical perspectives in the field as well as their application to instruction, learning, and social adjustment at school. <p></p>Key Features: <p></p> <p></p> <p>Comprehensive – no other book provides such a comprehensive overview of theory and research on children’s motivation at school.</p> <p></p> <p>Theoretical & Applied – the book provides a review of current motivation theories by the developers of those theories as well as attention to the application of motivation theory and research in classrooms and schools. </p> <p></p> <p>Chapter Structure – chapters within each section follow a similar structure so that there is uniformity across chapters.</p> <p></p> <p>Commentaries – each section ends with a commentary that provides clear directions for future research.</p>', 'NOT_MATURE', '0.1.0.0.preview.1', 'en', NULL, '["Education / General","Education / Educational Psychology","Education / Reference","Education / Student Life & Student Affairs"]', '9Hijau168BQ', 'https://www.googleapis.com/books/v1/volumes/P5GOAgAAQBAJ', 704, '"BOOK"', '1135592926', '9781135592929', NULL, '["Kathryn R. Wentzel","David B. Miele"]', NULL, 'handbook-of-motivation-at-school', 0, NULL, 2, 1, '2023-11-04 16:51:48', '2023-11-04 16:51:49'),
	(39, 'c1a15996967bb17ff70c01f3b12b036a', 'Why Motivation Fails??', 'How to Rise and Shine', 'wzkHEAAAQBAJ', 'Notion Press', '2020-11-13', '<p>The book is about motivation and the reasons for why it fails. Why are some people not able to lift their life even after getting motivation from various sources? What are they doing wrong even after being motivated? The book focuses on the various reasons for why motivation fails. It gives a glimpse to identify the reasons for failures and how to correct them and move ahead. If one is not able to run, he should at least keep walking rather than stopping once and for all. Moving slowly is also acceptable when compared to not moving at all. Life has four aspects i.e. Physical, Intellectual, Emotional and Spiritual. Development in all four aspects can help one to be successful in life.</p>', 'NOT_MATURE', 'preview-1.0.0', 'en', NULL, '["Self-Help / Motivational & Inspirational"]', 'HIpah5se58k', 'https://www.googleapis.com/books/v1/volumes/wzkHEAAAQBAJ', 160, '"BOOK"', '1636069878', '9781636069876', NULL, '["Dhaval P Gala"]', NULL, 'why-motivation-fails', 0, NULL, 3, 1, '2023-11-04 16:51:52', '2023-11-04 18:19:57'),
	(40, 'f02a1e9c2d492429e48463d4f9892347', 'A True History of the United States', 'Indigenous Genocide, Racialized Slavery, Hyper-Capitalism, Militarist Imperialism and Other Overlooked Aspects of American Exceptionalism', 'UCqQEAAAQBAJ', 'Steerforth Press', '2021-06-01', '<b>“Thought-provoking—a must read for [everyone] seeking a firm grasp of accurate American history." —Kirkus (starred review)<br> <br> <i>Brilliant, readable, and raw</i>. Maj. (ret.) Danny Sjursen, who served combat tours in Iraq and Afghanistan and later taught history at West Point, delivers a true epic and the perfect companion to Howard Zinn’s <i>A People’s History of the United States</i>.</b><br><br>Sjursen shifts the lens and challenges readers to think critically and to apply common sense to their understanding of our nation\'s past—and present—so we can view history as never before.<br><br> <i>A True History of the United States</i> was inspired by a course that Sjursen taught to cadets at West Point, his alma mater. With chapter titles such as "Patriots or Insurgents?" and "The Decade That Roared and Wept", <i>A True History</i> is accurate with respect to the facts and intellectually honest in its presentation and analysis.<br> <br><br><li><b>Essential reading for every American with a conscience.</b></li><li><b>Meticulously researched, Sjursen provides a more complete sense of history and encourages readers to view our country objectively.</b></li><li><b>Sjursen’s powerful storytelling reveals balanced portraits of key figures and the role they played.</b></li> <br>"Sjursen exposes the dominant historical narrative as at best myth, and at times a lie . . . He brings out from the shadows those who struggled, often at the cost of their own lives, for equality and justice. Their stories, so often ignored or trivialized, give us examples of who we should emulate and who we must become." <b>—Chris Hedges, author of <i>Empire of Illusion</i> and <i>America: The Farewell Tour</i></b>', 'NOT_MATURE', 'preview-1.0.0', 'en', NULL, '["History / United States / General","Political Science / Civics & Citizenship","Political Science / Essays"]', 'v/+4UZ66pfg', 'https://www.googleapis.com/books/v1/volumes/UCqQEAAAQBAJ', 688, '"BOOK"', '1586422537', '9781586422530', NULL, '["Daniel A. Sjursen"]', '[{"name":"Daniel A. Sjursen","key":null,"k_id":null}]', 'a-true-history-of-the-united-states', 1, NULL, 3, 0, '2023-11-04 17:12:59', '2023-11-04 17:24:51'),
	(41, '7c613d0762673c110136eb00ddab0dde', 'Asia And Europe: Essays And Speeches By Tommy Koh', NULL, 'HE3VCgAAQBAJ', 'World Scientific', '2000-09-19', 'Asia\'s and Europe\'s discovery of each other dates back several hundred years and has undergone tremendous transformation. Their engagement was coloured by the history of colonialism, and interrupted by the heat of the Cold War. However, an important step to chart an equal partnership and deepen engagement was taken with the launch of the Asia-Europe Meeting in March 1996. The Asia-Europe Foundation (ASEF) appeared the following year as the most concrete manifestation of this newfound engagement and as an attempt to engage the civil societies of the two regions.Professor Tommy Koh, a distinguished and well-respected diplomat of our time, is Singapore\'s foremost “Americanist”, having spent about two decades in America, serving as Singapore\'s Permanent Representative to the United Nations and Ambassador to the United States. When he turned “Europeanist” on being appointed the Executive Director of ASEF, many of his admirers were surprised, but they had no doubts that his diplomatic skills and international stature make him the ideal person to bridge the gap between Asia and Europe.This collection of essays and speeches by Professor Tommy Koh were delivered and written in his capacity as the Executive Director of ASEF. It contains his thoughts on the three pillars of Asia-Europe relations: politics, economics, and civil society. Readers will find in this book his assessment of some of the key trends shaping the emerging world order and some crucial events affecting the transformation of Asia and Europe. He points to synergies between the two continents but does not hesitate to note differences in outlook which have to be recognised and respected. This book is an interesting contribution to the growing literature on a new partnership in the making.Tommy Koh is a Professor of Law at the National University of Singapore (NUS). He is currently Singapore\'s Ambassador-at-Large and the Executive Director of the Asia-Europe Foundation. He has previously served as Dean of the Law Faculty of NUS, Ambassador to the United Nations, the United States, Canada and Mexico. He has chaired the Law of the Sea Conference and the Earth Summit. He has headed a Singapore think-tank, The Institute of Policy Studies, and served as the first Chairman of the National Arts Council. He has also served the UN as the Secretary-General\'s Special Envoy to Russia, Latvia, Estonia and Lithuania, and the World Trade Organisation as the Chairman of two dispute panels.', 'NOT_MATURE', 'preview-1.0.0', 'en', NULL, '["Business & Economics / International / General","Political Science / International Relations / General","Political Science / Public Policy / Economic Policy"]', '6r/egXmRm7I', 'https://www.googleapis.com/books/v1/volumes/HE3VCgAAQBAJ', 196, '"BOOK"', '9814492426', '9789814492423', NULL, '["Asad-ul Iqbal Latif","Lay Hwee Yeo"]', NULL, 'asia-and-europe-essays-and-speeches-by-tommy-koh', 0, NULL, 3, 0, '2023-11-04 17:25:00', '2023-11-04 17:25:20'),
	(42, 'a28dbf7c39f5b85a39615b710d956ee4', 'Asia in the Twenty-first Century', 'Economic, Socio-political, Diplomatic Issues', '8op-apJmabYC', 'World Scientific', '1997', 'Over 250 Princeton alumni and friends from 17 countries and from classes spanning a 66-year period attended the Conference. The presentations were of high quality, as can be seen from the proceedings. The speakers and other participants came from different national and cultural backgrounds and represented different points of view. For example, in discussing US-Asia relations James Baker represented an American viewpoint, while in the same session Yoshio Hatano represented a Japanese point of view, as did Toyoo Gyohten in a different session on economic issues.<p>This valuable volume is a collection of frank and insightful essays on Asia-Pacific by notable Princetonians who are influential in the region.</p>', 'NOT_MATURE', '0.3.3.0.preview.1', 'en', NULL, '["Political Science / International Relations / General","History / Asia / General","Political Science / Political Economy"]', '3K9LrMHPkIY', 'https://www.googleapis.com/books/v1/volumes/8op-apJmabYC', 172, '"BOOK"', '9810230346', '9789810230340', NULL, '["Paula K. Chow","Gregory C. Chow"]', '[{"name":"Gregory C. Chow","key":"OL535790A","k_id":25},{"name":"Paula K. Chow","key":null,"k_id":null}]', 'asia-in-the-twenty-first-century', 1, NULL, 2, 0, '2023-11-04 17:25:07', '2023-11-04 17:25:09'),
	(43, '11b1ac67d1a5c99281b723729599a731', 'Water Resource Management in South Asia', NULL, 'zJl8EAAAQBAJ', 'Taylor & Francis', '2022-05-29', '<p>This cluster of books presents innovative and nuanced knowledge on water resources, based on detailed case studies from South Asia—India, Bangladesh, Bhutan, Nepal, Pakistan, and Sri Lanka. In providing comprehensive analyses of the existing economic, demographic and ideological contexts in which water policies are framed and implemented, the volumes argue for alternative, informed and integrated approaches towards efficient management and equitable distribution of water. These also explore the globalization of water governance in the region, particularly in relation to new paradigms of neoliberalism, civil society participation, integrated water resource management (IWRM), public–private partnerships, privatization, and gender mainstreaming.</p> <p>These volumes will be indispensable for scholars and students of development studies, environmental studies, natural resource management, governance and public administration, particularly those working on water resources in South Asia. They will also be useful for policymakers and governmental and non-governmental organizations.</p>', 'NOT_MATURE', 'preview-1.0.0', 'en', NULL, '["Political Science / Political Economy","Business & Economics / Development / Economic Development","Social Science / General"]', 'zLLsxcBx3TA', 'https://www.googleapis.com/books/v1/volumes/zJl8EAAAQBAJ', 1428, '"BOOK"', '1317341961', '9781317341963', NULL, '["Anjal Prakash"]', '[{"name":"Anjal Prakash","key":"OL4189539A","k_id":26}]', 'water-resource-management-in-south-asia', 1, NULL, 2, 0, '2023-11-04 17:25:23', '2023-11-04 17:25:25'),
	(44, '3379080db6f8b9e3ba1eaed724bcc67b', 'The Way of Science', 'Finding Truth and Meaning in a Scientific Worldview', 'JQI5AAAAQBAJ', 'Prometheus Books', '2013-07-16', '<b>How science can convey a profound sense of wonder, connectedness, and optimism about the human condition.<br><br></b>This book makes a compelling case that now more than ever the public at large needs to appreciate the critical-thinking tools that science has to offer and be educated in basic science literacy. The author emphasizes that the methods and facts of science are accessible to everyone, and that, contrary to popular belief, understanding science does not require extraordinary intelligence. He also notes that scientific rationality and critical thinking are not only good for our physical well-being but also are fully in sync with our highest moral codes. He illustrates the many ways in which the scientific worldview offers a profound sense of wonder, connectedness, and optimism about the human condition, an inspiring perspective that satisfies age-old spiritual aspirations. <br><br>At a time of daunting environmental challenges and rampant misinformation, this book provides a welcome corrective and reason to hope for the future.', 'NOT_MATURE', '0.2.4.0.preview.2', 'en', NULL, '["Science / Philosophy & Social Aspects","Philosophy / Logic"]', 'CtDnjNv0G+o', 'https://www.googleapis.com/books/v1/volumes/JQI5AAAAQBAJ', 375, '"BOOK"', '1616147563', '9781616147563', NULL, '["Dennis R. Trumble"]', NULL, 'the-way-of-science', 0, NULL, 2, 0, '2023-11-04 17:38:36', '2023-11-04 17:38:37'),
	(45, '0dc1c47d5758fe70fdc905fcd8ceb81b', 'Are Science and Mathematics Socially Constructed?', 'A Mathematician Encounters Postmodern Interpretations of Science', 'CqRpDQAAQBAJ', 'World Scientific', '2009', 'This book is a history, analysis, and criticism of what the author calls ?postmodern interpretations of science? (PIS) and the closely related ?sociology of scientific knowledge? (SSK). This movement traces its origin to Thomas Kuhn\'s revolutionary work, The Structure of Scientific Revolutions (1962), but is more extreme. It believes that science is a ?social construction?, having little to do with nature, and is determined by contextual forces such as the race, class, gender of the scientist, laboratory politics, or the needs of the military industrial complex.Since the 1970s, PIS has become fashionable in the humanities, social sciences, and ethnic or women\'s studies, as well as in the new academic discipline of Science, Technology, and Society (STS). It has been attacked by numerous authors and the resulting conflicts led to the so-called Science Wars of the 1990s. While the present book is also critical of PIS, it focuses on its intellectual and political origins and tries to understand why it became influential in the 1970s. The book is both an intellectual and a political history. It examines the thoughts of Karl Popper, Karl Mannheim, Ludwik Fleck, Thomas Kuhn, Paul Feyerabend, David Bloor, Steve Woolgar, Steve Shapin, Bruno Latour, and PIS-like doctrines in mathematics. It also describes various philosophical contributions to PIS ranging from the Greek sophists to 20th century post-structuralists and argues that the disturbed political atmosphere of the Vietnam War era was critical to the rise of PIS.', 'NOT_MATURE', '1.1.1.0.preview.1', 'en', NULL, '["Mathematics / History & Philosophy","Science / Philosophy & Social Aspects","Social Science / Sociology / General"]', 'mmeQrn6ZaX8', 'https://www.googleapis.com/books/v1/volumes/CqRpDQAAQBAJ', 317, '"BOOK"', '9812835245', '9789812835246', NULL, '["Richard C. Brown"]', '[{"name":"Richard C. Brown","key":"OL2815861A","k_id":27}]', 'are-science-and-mathematics-socially-constructed', 1, NULL, 2, 0, '2023-11-04 18:12:53', '2023-11-04 18:12:56'),
	(46, '09ba3cbeb0054da1ab0714d2ca05f97d', 'From Tally-Ho to Forest Home', 'The History of Two Louisiana Plantations', '5WIKsnUXgnUC', 'AuthorHouse', '2005-12-14', '<p>This history of two plantations on the Mississippi River between New Orleans and Baton Rouge examines the people and places around the tiny town of Bayou Goula in Iberville Parish from 1699 to 2000. It describes the different governmental policies that shaped the land tenure of the region. In chapter 3 the book describes the Acadian settlement and how two free people of color purchased several farms and consolidated them into the Tally-Ho plantation. Later chapters described the John Hampden Randolphs and the John D. Murrells, both investors from Virginia.</p> <p>Chapter six describes the rise and fall of the community of Bayou Goula. Chapter seven describes the African-Americans along Bayou Goula. Some of the family relationships are identified. Links between workers in the twentieth century and workers in slavery appear.</p> <p>Chapter eight relies on memoirs of life at Tally-Ho and the community of Bayou Goula. It presents happy remembrances of things past. The chapter discusses education in the community, daily life, transportation, and relations between the families.</p> <p>Chapter nine describes the founding of the George M. Murrell Planting &amp; Manufacturing Co., the major sugar grower and heir of the 19th century planters. Finally, the book discusses the 20th century successes and failures in the sugar business.</p>', 'NOT_MATURE', '2.7.6.0.preview.3', 'en', NULL, '["Fiction / Historical / General"]', 'Mgm3v89c/3M', 'https://www.googleapis.com/books/v1/volumes/5WIKsnUXgnUC', 208, '"BOOK"', '1467847364', '9781467847360', NULL, '["William D. Reeves"]', NULL, 'from-tally-ho-to-forest-home', 0, NULL, 2, 0, '2023-11-04 18:19:18', '2023-11-04 18:19:20'),
	(47, '339683fe30f2dbd11a594897dc9b94f8', 'Riddle Roundup', 'A Wild Bunch to Beef Up Your Word Power', 'y5YuKKLms1QC', 'Houghton Mifflin Harcourt', '1989-09', 'Sixty-two rowdy riddles will tickle the funny bone as they introduce young readers to new words and encourage them to use words they already know in different ways. "This is one joke book that can be used for learning as well as for laughing." -- Booklist', 'NOT_MATURE', '0.2.4.0.preview.1', 'en', NULL, NULL, '/OmXM2/0qNs', 'https://www.googleapis.com/books/v1/volumes/y5YuKKLms1QC', 64, '"BOOK"', '0899195377', '9780899195377', NULL, '["Giulio Maestro"]', '[{"name":"Giulio Maestro","key":"OL10071457A","k_id":28}]', 'riddle-roundup', 1, NULL, 2, 0, '2023-11-04 18:29:13', '2023-11-04 18:29:16'),
	(48, '5f4bc90c3319788c52503f0b3bb66f26', 'Positive Psychology And The Body: The Somatopsychic Side To Flourishing', 'The somatopsychic side to flourishing', '12wBR6li36cC', 'McGraw-Hill Education (UK)', '2013-07-01', 'This positive psychology textbook focuses on the importance of the body within optimal functioning and highlights new research in this area.', 'NOT_MATURE', 'preview-1.0.0', 'en', NULL, '["Psychology / Applied Psychology"]', '9fW6IgMGWuU', 'https://www.googleapis.com/books/v1/volumes/12wBR6li36cC', 272, '"BOOK"', '0335247717', '9780335247714', NULL, '["Hefferon, Kate"]', '[{"name":"Hefferon, Kate","key":null,"k_id":null}]', 'positive-psychology-and-the-body-the-somatopsychic-side-to-flourishing', 1, NULL, 2, 0, '2023-11-04 18:40:05', '2023-11-04 18:40:07'),
	(49, 'a6c51bae7f57374b9b4f1056f545d0ee', 'Health Psychology', 'A Discipline and a Profession', 'JJ818X3FjRUC', 'University of Chicago Press', '1987-05-18', 'In 1976, a small group of psychologists urged that more research be done on aspects of health and health care outside the domain of mental health. Today, health psychology is one of the fastest growing divisions of the American Psychological Association; journals and textbooks in increasing numbers are another signal of rapid growth in this field.<br>', 'NOT_MATURE', '0.13.17.0.preview.3', 'en', NULL, '["Medical / General","Psychology / General"]', 'WFHzDIsPZr8', 'https://www.googleapis.com/books/v1/volumes/JJ818X3FjRUC', 547, '"BOOK"', '0226775577', '9780226775579', NULL, '["George C. Stone"]', '[{"name":"George C. Stone","key":"OL3333839A","k_id":29}]', 'health-psychology', 1, NULL, 2, 0, '2023-11-04 18:40:07', '2023-11-04 18:40:11'),
	(50, '35953491a857c03b17b1e3b8a83f3cea', 'Science as Psychology', 'Sense-Making and Identity in Science Practice', '5zDMyTKliLcC', 'Cambridge University Press', '2010-11-22', 'Science as Psychology reveals the complexity and richness of rationality by demonstrating how social relationships, emotion, culture, and identity are implicated in the problem-solving practices of laboratory scientists. In this study, the authors gather and analyze interview and observational data from innovation-focused laboratories in the engineering sciences to show how the complex practices of laboratory research scientists provide rich psychological insights, and how a better understanding of science practice facilitates understanding of human beings more generally. The study focuses not on dismantling the rational core of scientific practice, but on illustrating how social, personal, and cognitive processes are intricately woven together in scientific thinking. The book is thus a contribution to science studies, the psychology of science, and general psychology.', 'NOT_MATURE', '0.1.3.0.preview.3', 'en', NULL, '["Psychology / Cognitive Psychology & Cognition","Psychology / General"]', 'lqx0MR562fM', 'https://www.googleapis.com/books/v1/volumes/5zDMyTKliLcC', 285, '"BOOK"', '1139495135', '9781139495134', NULL, '["Lisa M. Osbeck","Nancy J. Nersessian","Kareen R. Malone","Wendy C. Newstetter"]', NULL, 'science-as-psychology', 0, NULL, 2, 0, '2023-11-04 18:40:08', '2023-11-04 18:40:09'),
	(51, '8c9a16f05110713387eb5f5378796abb', 'Computer Science in Perspective', 'Essays Dedicated to Thomas Ottmann', 'thi6zgEACAAJ', 'Springer Berlin Heidelberg', '2003-02-17', '<p>By presenting state-of-the-art aspects of theoretical computer science and practical applications in various fields, this book commemorates the 60th birthday of Thomas Ottmann. </p> <p>The 26 research papers presented span the whole range of Thomas Ottmann\'s scientific career, from formal languages to algorithms and data structures, from topics in practical computer science like software engineering or database systems to applications of Web technology, groupware, and e-learning. </p>', 'NOT_MATURE', 'preview-1.0.0', 'en', NULL, '["Computers / Computer Science","Computers / Networking / Hardware","Computers / Information Theory","Computers / Data Science / General","Computers / Online Services","Computers / Information Technology","Computers / Programming / Algorithms","Mathematics / Discrete Mathematics","Computers / Networking / General"]', 'wCgjnoWxt64', 'https://www.googleapis.com/books/v1/volumes/thi6zgEACAAJ', 362, '"BOOK"', '354000579X', '9783540005797', NULL, '["Rolf Klein","Hans-Werner Six","Lutz Wegner"]', '[{"name":"Lutz Wegner","key":"OL1688254A","k_id":30},{"name":"Rolf Klein","key":null,"k_id":null},{"name":"Hans-Werner Six","key":null,"k_id":null}]', 'computer-science-in-perspective', 1, NULL, 2, 0, '2023-11-04 18:40:26', '2023-11-04 18:40:29'),
	(52, '620bf9f28f49222c04bcf34c110d5697', 'Computer Science Logic', '22nd International Workshop, CSL 2008, 17th Annual Conference of the EACSL, Bertinoro, Italy, September 16-19, 2008, Proceedings', 'SKOXPy8OGLEC', 'Springer Science & Business Media', '2008-09-10', '<p>This book constitutes the refereed proceedings of the 22nd International Workshop on Computer Science Logic, CSL 2008, held as the 17th Annual Conference of the EACSL in Bertinoro, Italy, in September 2008.</p> <p>The 31 revised full papers presented together with 4 invited lectures were carefully reviewed and selected from 102 submissions. All current aspects of logic in computer science are addressed, ranging from foundational and methodological issues to application issues of practical relevance. The book concludes with a presentation of this year\'s Ackermann award.</p>', 'NOT_MATURE', '2.2.0.0.preview.1', 'en', NULL, '["Computers / Artificial Intelligence / General","Computers / Computer Science","Computers / Information Technology","Computers / Programming / General","Mathematics / Discrete Mathematics","Mathematics / History & Philosophy","Mathematics / Logic"]', 'LcJx0eHCJR4', 'https://www.googleapis.com/books/v1/volumes/SKOXPy8OGLEC', 513, '"BOOK"', '3540875301', '9783540875307', NULL, '["Michael Kaminski","Simone Martini"]', '[{"name":"Michael Kaminski","key":null,"k_id":null},{"name":"Simone Martini","key":null,"k_id":null}]', 'computer-science-logic', 1, NULL, 3, 0, '2023-11-04 18:40:28', '2023-11-04 18:40:31'),
	(53, '65c28ea871287167c409ae7000e65724', 'Computer Science & Perl Programming', 'Best of The Perl Journal', 'wG2nVluESyoC', '"O\'Reilly Media, Inc."', '2002-11-04', '<p>In its first five years of existence, The Perl Journal ran 247 articles by over 120 authors. Every serious Perl programmer subscribed to it, and every notable Perl guru jumped at the opportunity to write for it. TPJ explained critical topics such as regular expressions, databases, and object-oriented programming, and demonstrated Perl\'s utility for fields as diverse as astronomy, biology, economics, AI, and games. The magazine gave birth to both the Obfuscated Perl Contest and the Perl Poetry contest, and remains a proud and timeless achievement of Perl during one of its most exciting periods of development.<i>Computer Science and Perl Programming</i> is the first volume of The Best of the Perl Journal, compiled and re-edited by the original editor and publisher of The Perl Journal, Jon Orwant. In this series, we\'ve taken the very best (and still relevant) articles published in TPJ over its 5 years of publication and immortalized them into three volumes. This volume has 70 articles devoted to hard-core computer science, advanced programming techniques, and the underlying mechanics of Perl.Here\'s a sample of what you\'ll find inside:</p><ul><li>Jeffrey Friedl on Understanding Regexes</li><li>Mark Jason Dominus on optimizing your Perl programs with Memoization</li><li>Damian Conway on Parsing</li><li>Tim Meadowcroft on integrating Perl with Microsoft Office</li><li>Larry Wall on the culture of Perl</li></ul>Written by 41 of the most prominent and prolific members of the closely-knit Perl community, this anthology does what no other book can, giving unique insight into the real-life applications and powerful techniques made possible by Perl.Other books tell you how to use Perl, but this book goes far beyond that: it shows you not only how to use Perl, but what you could use Perl for. This is more than just The Best of the Perl Journal -- in many ways, this is the best of Perl.', 'NOT_MATURE', '0.1.1.0.preview.1', 'en', NULL, '["Computers / General","Computers / Computer Science","Computers / Languages / JavaScript","Computers / Languages / Perl"]', 'hxX7/72cito', 'https://www.googleapis.com/books/v1/volumes/wG2nVluESyoC', 762, '"BOOK"', '1449371353', '9781449371357', NULL, '["Jon Orwant"]', '[{"name":"Jon Orwant","key":"OL386680A","k_id":31}]', 'computer-science-perl-programming', 1, NULL, 2, 0, '2023-11-04 18:40:31', '2023-11-04 18:40:34');

DROP TABLE IF EXISTS `categories`;
CREATE TABLE IF NOT EXISTS `categories` (
  `id` int(11) NOT NULL AUTO_INCREMENT,
  `category_title` varchar(100) DEFAULT NULL,
  `description` text DEFAULT NULL,
  `background_color` int(11) DEFAULT NULL,
  `status` varchar(100) DEFAULT NULL,
  `displayed_in` tinyint(4) DEFAULT 0,
  `icon` varchar(255) DEFAULT NULL,
  `img_uri` varchar(255) DEFAULT NULL,
  `createdAt` datetime NOT NULL,
  `updatedAt` datetime NOT NULL,
  PRIMARY KEY (`id`),
  UNIQUE KEY `category_title` (`category_title`)
) ENGINE=InnoDB AUTO_INCREMENT=104 DEFAULT CHARSET=utf8mb4 COLLATE=utf8mb4_general_ci;

INSERT INTO `categories` (`id`, `category_title`, `description`, `background_color`, `status`, `displayed_in`, `icon`, `img_uri`, `createdAt`, `updatedAt`) VALUES
	(1, 'fiction', NULL, 7, NULL, 1, NULL, NULL, '2023-11-04 13:18:24', '2023-11-04 13:18:24'),
	(2, 'media tie-in', NULL, 2, NULL, 0, NULL, NULL, '2023-11-04 13:18:24', '2023-11-04 13:18:24'),
	(3, 'science fiction', NULL, 6, NULL, 0, NULL, NULL, '2023-11-04 13:18:24', '2023-11-04 13:18:24'),
	(4, 'general', NULL, 22, NULL, 1, NULL, NULL, '2023-11-04 13:18:24', '2023-11-04 13:18:24'),
	(5, 'action & adventure', NULL, 14, NULL, 1, NULL, NULL, '2023-11-04 13:18:24', '2023-11-04 13:18:24'),
	(6, 'space opera', NULL, 17, NULL, 0, NULL, NULL, '2023-11-04 13:18:24', '2023-11-04 13:18:24'),
	(7, 'juvenile nonfiction', NULL, 14, NULL, 1, NULL, NULL, '2023-11-04 13:19:58', '2023-11-04 13:19:58'),
	(8, 'performing arts', NULL, 17, NULL, 0, NULL, NULL, '2023-11-04 13:19:58', '2023-11-04 13:19:58'),
	(9, 'film', NULL, 18, NULL, 1, NULL, NULL, '2023-11-04 13:19:58', '2023-11-04 13:19:58'),
	(10, 'juvenile fiction', NULL, 4, NULL, 0, NULL, NULL, '2023-11-04 13:23:49', '2023-11-04 13:23:49'),
	(11, 'fantasy & magic', NULL, 0, NULL, 0, NULL, NULL, '2023-11-04 13:23:49', '2023-11-04 13:23:49'),
	(12, 'social themes', NULL, 20, NULL, 0, NULL, NULL, '2023-11-04 13:23:49', '2023-11-04 13:23:49'),
	(13, 'friendship', NULL, 3, NULL, 0, NULL, NULL, '2023-11-04 13:23:49', '2023-11-04 13:23:49'),
	(14, 'philosophy', NULL, 20, NULL, 1, NULL, NULL, '2023-11-04 13:23:51', '2023-11-04 13:23:51'),
	(15, 'history', NULL, 13, NULL, 1, NULL, NULL, '2023-11-04 13:24:25', '2023-11-04 13:24:25'),
	(16, 'modern', NULL, 12, NULL, 1, NULL, NULL, '2023-11-04 13:24:25', '2023-11-04 13:24:25'),
	(17, '21st century', NULL, 12, NULL, 1, NULL, NULL, '2023-11-04 13:24:25', '2023-11-04 13:24:25'),
	(18, '20th century', NULL, 6, NULL, 0, NULL, NULL, '2023-11-04 13:24:25', '2023-11-04 13:24:25'),
	(19, 'united states', NULL, 9, NULL, 0, NULL, NULL, '2023-11-04 13:24:25', '2023-11-04 13:24:25'),
	(21, 'military', NULL, 5, NULL, 0, NULL, NULL, '2023-11-04 13:24:25', '2023-11-04 13:24:25'),
	(22, 'special forces', NULL, 12, NULL, 0, NULL, NULL, '2023-11-04 13:24:25', '2023-11-04 13:24:25'),
	(23, 'social history', NULL, 4, NULL, 0, NULL, NULL, '2023-11-04 13:24:25', '2023-11-04 13:24:25'),
	(24, 'fantasy', NULL, 1, NULL, 1, NULL, NULL, '2023-11-04 13:24:33', '2023-11-04 13:24:33'),
	(25, 'reference', NULL, 16, NULL, 0, NULL, NULL, '2023-11-04 13:24:33', '2023-11-04 13:24:33'),
	(26, 'encyclopedias', NULL, 23, NULL, 0, NULL, NULL, '2023-11-04 13:24:33', '2023-11-04 13:24:33'),
	(27, 'crafts & hobbies', NULL, 13, NULL, 0, NULL, NULL, '2023-11-04 13:24:42', '2023-11-04 13:24:42'),
	(28, 'origami', NULL, 5, NULL, 0, NULL, NULL, '2023-11-04 13:24:42', '2023-11-04 13:24:42'),
	(29, 'asia', NULL, 22, NULL, 1, NULL, NULL, '2023-11-04 13:26:05', '2023-11-04 13:26:05'),
	(30, 'south', NULL, 22, NULL, 1, NULL, NULL, '2023-11-04 13:26:05', '2023-11-04 13:26:05'),
	(31, 'animals', NULL, 10, NULL, 0, NULL, NULL, '2023-11-04 14:18:32', '2023-11-04 14:18:32'),
	(32, 'birds', NULL, 3, NULL, 0, NULL, NULL, '2023-11-04 14:18:32', '2023-11-04 14:18:32'),
	(33, 'frogs & toads', NULL, 20, NULL, 0, NULL, NULL, '2023-11-04 14:18:32', '2023-11-04 14:18:32'),
	(34, 'stories in verse', NULL, 6, NULL, 0, NULL, NULL, '2023-11-04 14:18:32', '2023-11-04 14:18:32'),
	(35, 'caribbean & west indies', NULL, 8, NULL, 0, NULL, NULL, '2023-11-04 14:32:36', '2023-11-04 14:32:36'),
	(36, 'language arts & disciplines', NULL, 6, NULL, 0, NULL, NULL, '2023-11-04 14:33:01', '2023-11-04 14:33:01'),
	(37, 'communication studies', NULL, 4, NULL, 0, NULL, NULL, '2023-11-04 14:33:01', '2023-11-04 14:33:01'),
	(38, 'self-help', NULL, 8, NULL, 0, NULL, NULL, '2023-11-04 16:38:44', '2023-11-04 16:38:44'),
	(39, 'personal growth', NULL, 10, NULL, 0, NULL, NULL, '2023-11-04 16:38:44', '2023-11-04 16:38:44'),
	(40, 'happiness', NULL, 13, NULL, 0, NULL, NULL, '2023-11-04 16:38:44', '2023-11-04 16:38:44'),
	(41, 'social', NULL, 7, NULL, 0, NULL, NULL, '2023-11-04 16:38:44', '2023-11-04 16:38:44'),
	(42, 'success', NULL, 15, NULL, 0, NULL, NULL, '2023-11-04 16:38:44', '2023-11-04 16:38:44'),
	(43, 'self-management', NULL, 17, NULL, 0, NULL, NULL, '2023-11-04 16:38:44', '2023-11-04 16:38:44'),
	(44, 'political', NULL, 7, NULL, 1, NULL, NULL, '2023-11-04 16:38:44', '2023-11-04 16:38:44'),
	(45, 'psychology', NULL, 19, NULL, 1, NULL, NULL, '2023-11-04 16:38:44', '2023-11-04 16:38:44'),
	(46, 'clinical psychology', NULL, 8, NULL, 1, NULL, NULL, '2023-11-04 16:38:44', '2023-11-04 16:38:44'),
	(47, 'applied psychology', NULL, 10, NULL, 0, NULL, NULL, '2023-11-04 16:42:48', '2023-11-04 16:42:48'),
	(48, 'health & fitness', NULL, 0, NULL, 0, NULL, NULL, '2023-11-04 16:45:23', '2023-11-04 16:45:23'),
	(49, 'diet & nutrition', NULL, 9, NULL, 0, NULL, NULL, '2023-11-04 16:45:23', '2023-11-04 16:45:23'),
	(50, 'weight loss', NULL, 11, NULL, 0, NULL, NULL, '2023-11-04 16:45:23', '2023-11-04 16:45:23'),
	(51, 'nutrition', NULL, 7, NULL, 0, NULL, NULL, '2023-11-04 16:45:23', '2023-11-04 16:45:23'),
	(52, 'motivational & inspirational', NULL, 21, NULL, 1, NULL, NULL, '2023-11-04 16:45:23', '2023-11-04 16:45:23'),
	(53, 'body, mind & spirit', NULL, 17, NULL, 0, NULL, NULL, '2023-11-04 16:45:23', '2023-11-04 16:45:23'),
	(54, 'self-esteem', NULL, 14, NULL, 0, NULL, NULL, '2023-11-04 16:45:23', '2023-11-04 16:45:23'),
	(55, 'inspiration & personal growth', NULL, 3, NULL, 1, NULL, NULL, '2023-11-04 16:45:23', '2023-11-04 16:45:23'),
	(56, 'biography & autobiography', NULL, 14, NULL, 0, NULL, NULL, '2023-11-04 16:49:09', '2023-11-04 16:49:09'),
	(57, 'personal memoirs', NULL, 7, NULL, 0, NULL, NULL, '2023-11-04 16:49:09', '2023-11-04 16:49:09'),
	(58, 'time management', NULL, 0, NULL, 0, NULL, NULL, '2023-11-04 16:49:15', '2023-11-04 16:49:15'),
	(59, 'mysteries & detective stories', NULL, 18, NULL, 0, NULL, NULL, '2023-11-04 16:50:23', '2023-11-04 16:50:23'),
	(60, 'law & crime', NULL, 22, NULL, 0, NULL, NULL, '2023-11-04 16:50:23', '2023-11-04 16:50:23'),
	(61, 'middle east', NULL, 14, NULL, 0, NULL, NULL, '2023-11-04 16:51:19', '2023-11-04 16:51:19'),
	(62, 'education', NULL, 12, NULL, 0, NULL, NULL, '2023-11-04 16:51:31', '2023-11-04 16:51:31'),
	(63, 'educational psychology', NULL, 15, NULL, 0, NULL, NULL, '2023-11-04 16:51:31', '2023-11-04 16:51:31'),
	(64, 'secondary', NULL, 19, NULL, 1, NULL, NULL, '2023-11-04 16:51:43', '2023-11-04 16:51:43'),
	(65, 'foreign language study', NULL, 11, NULL, 0, NULL, NULL, '2023-11-04 16:51:43', '2023-11-04 16:51:43'),
	(66, 'student life & student affairs', NULL, 20, NULL, 0, NULL, NULL, '2023-11-04 16:51:48', '2023-11-04 16:51:48'),
	(67, 'political science', NULL, 9, NULL, 0, NULL, NULL, '2023-11-04 17:12:59', '2023-11-04 17:12:59'),
	(68, 'civics & citizenship', NULL, 6, NULL, 0, NULL, NULL, '2023-11-04 17:12:59', '2023-11-04 17:12:59'),
	(69, 'essays', NULL, 7, NULL, 0, NULL, NULL, '2023-11-04 17:12:59', '2023-11-04 17:12:59'),
	(70, 'business & economics', NULL, 6, NULL, 0, NULL, NULL, '2023-11-04 17:25:00', '2023-11-04 17:25:00'),
	(71, 'international', NULL, 8, NULL, 0, NULL, NULL, '2023-11-04 17:25:00', '2023-11-04 17:25:00'),
	(72, 'international relations', NULL, 13, NULL, 0, NULL, NULL, '2023-11-04 17:25:00', '2023-11-04 17:25:00'),
	(73, 'public policy', NULL, 19, NULL, 0, NULL, NULL, '2023-11-04 17:25:00', '2023-11-04 17:25:00'),
	(74, 'economic policy', NULL, 11, NULL, 0, NULL, NULL, '2023-11-04 17:25:00', '2023-11-04 17:25:00'),
	(75, 'political economy', NULL, 21, NULL, 0, NULL, NULL, '2023-11-04 17:25:07', '2023-11-04 17:25:07'),
	(76, 'development', NULL, 9, NULL, 0, NULL, NULL, '2023-11-04 17:25:23', '2023-11-04 17:25:23'),
	(77, 'economic development', NULL, 14, NULL, 0, NULL, NULL, '2023-11-04 17:25:23', '2023-11-04 17:25:23'),
	(78, 'social science', NULL, 14, NULL, 1, NULL, NULL, '2023-11-04 17:25:23', '2023-11-04 17:25:23'),
	(79, 'science', NULL, 13, NULL, 0, NULL, NULL, '2023-11-04 17:38:36', '2023-11-04 17:38:36'),
	(80, 'philosophy & social aspects', NULL, 18, NULL, 0, NULL, NULL, '2023-11-04 17:38:36', '2023-11-04 17:38:36'),
	(81, 'logic', NULL, 5, NULL, 0, NULL, NULL, '2023-11-04 17:38:36', '2023-11-04 17:38:36'),
	(82, 'mathematics', NULL, 16, NULL, 0, NULL, NULL, '2023-11-04 18:12:53', '2023-11-04 18:12:53'),
	(83, 'history & philosophy', NULL, 2, NULL, 0, NULL, NULL, '2023-11-04 18:12:53', '2023-11-04 18:12:53'),
	(84, 'sociology', NULL, 12, NULL, 0, NULL, NULL, '2023-11-04 18:12:53', '2023-11-04 18:12:53'),
	(85, 'historical', NULL, 9, NULL, 0, NULL, NULL, '2023-11-04 18:19:19', '2023-11-04 18:19:19'),
	(86, 'medical', NULL, 15, NULL, 0, NULL, NULL, '2023-11-04 18:40:07', '2023-11-04 18:40:07'),
	(87, 'cognitive psychology & cognition', NULL, 10, NULL, 0, NULL, NULL, '2023-11-04 18:40:08', '2023-11-04 18:40:08'),
	(88, 'computers', NULL, 4, NULL, 0, NULL, NULL, '2023-11-04 18:40:26', '2023-11-04 18:40:26'),
	(89, 'computer science', NULL, 5, NULL, 0, NULL, NULL, '2023-11-04 18:40:26', '2023-11-04 18:40:26'),
	(90, 'networking', NULL, 8, NULL, 0, NULL, NULL, '2023-11-04 18:40:26', '2023-11-04 18:40:26'),
	(91, 'hardware', NULL, 21, NULL, 0, NULL, NULL, '2023-11-04 18:40:26', '2023-11-04 18:40:26'),
	(92, 'information theory', NULL, 12, NULL, 0, NULL, NULL, '2023-11-04 18:40:26', '2023-11-04 18:40:26'),
	(93, 'online services', NULL, 20, NULL, 0, NULL, NULL, '2023-11-04 18:40:26', '2023-11-04 18:40:26'),
	(94, 'information technology', NULL, 21, NULL, 0, NULL, NULL, '2023-11-04 18:40:26', '2023-11-04 18:40:26'),
	(95, 'data science', NULL, 11, NULL, 0, NULL, NULL, '2023-11-04 18:40:26', '2023-11-04 18:40:26'),
	(96, 'programming', NULL, 3, NULL, 0, NULL, NULL, '2023-11-04 18:40:26', '2023-11-04 18:40:26'),
	(97, 'algorithms', NULL, 5, NULL, 0, NULL, NULL, '2023-11-04 18:40:26', '2023-11-04 18:40:26'),
	(98, 'discrete mathematics', NULL, 3, NULL, 0, NULL, NULL, '2023-11-04 18:40:26', '2023-11-04 18:40:26'),
	(99, 'artificial intelligence', NULL, 8, NULL, 0, NULL, NULL, '2023-11-04 18:40:28', '2023-11-04 18:40:28'),
	(100, 'languages', NULL, 0, NULL, 0, NULL, NULL, '2023-11-04 18:40:31', '2023-11-04 18:40:31'),
	(102, 'javascript', NULL, 7, NULL, 0, NULL, NULL, '2023-11-04 18:40:31', '2023-11-04 18:40:31'),
	(103, 'perl', NULL, 22, NULL, 0, NULL, NULL, '2023-11-04 18:40:31', '2023-11-04 18:40:31');

/*!40103 SET TIME_ZONE=IFNULL(@OLD_TIME_ZONE, 'system') */;
/*!40101 SET SQL_MODE=IFNULL(@OLD_SQL_MODE, '') */;
/*!40014 SET FOREIGN_KEY_CHECKS=IFNULL(@OLD_FOREIGN_KEY_CHECKS, 1) */;
/*!40101 SET CHARACTER_SET_CLIENT=@OLD_CHARACTER_SET_CLIENT */;
/*!40111 SET SQL_NOTES=IFNULL(@OLD_SQL_NOTES, 1) */;
